date,ind,rain,ind,temp,ind,wetb,dewpt,vappr,rhum,msl
01/10/2023 00:00,0,0,0,17.1,0,15.6,14.6,16.6,85,1013.1
01/10/2023 01:00,0,0.1,0,16.8,0,15.6,14.8,16.8,87,1012.8
01/10/2023 02:00,0,0.4,0,16.4,0,15.5,14.9,16.9,91,1012.8
01/10/2023 03:00,0,0,0,16.2,0,15.2,14.5,16.5,89,1013
01/10/2023 04:00,0,0,0,16,0,15.1,14.4,16.4,90,1013.2
01/10/2023 05:00,0,0.1,0,16.1,0,15,14.1,16.1,88,1013.8
01/10/2023 06:00,0,0,0,15.9,0,15,14.3,16.3,90,1014.3
01/10/2023 07:00,0,0,0,15,0,14.5,14,16,93,1014.6
01/10/2023 08:00,0,0,0,16,0,15.1,14.4,16.4,90,1015.2
01/10/2023 09:00,0,0,0,17.7,0,15.8,14.4,16.5,81,1015.6
01/10/2023 10:00,0,0,0,17.4,0,15.3,13.7,15.7,79,1016
01/10/2023 11:00,0,0,0,18.2,0,15.6,13.7,15.7,74,1016.2
01/10/2023 12:00,0,0,0,18.2,0,15.2,12.9,14.9,71,1016.4
01/10/2023 13:00,0,0,0,19.1,0,15.4,12.7,14.6,66,1016.4
01/10/2023 14:00,0,0,0,19.5,0,15.1,11.6,13.6,60,1016.2
01/10/2023 15:00,0,0,0,18.7,0,14.4,10.8,13,60,1015.9
01/10/2023 16:00,0,0,0,18,0,14.3,11.3,13.4,64,1016
01/10/2023 17:00,0,0,0,16.3,0,13.6,11.4,13.5,72,1016.2
01/10/2023 18:00,0,0,0,13.9,0,12.1,10.5,12.7,80,1016.5
01/10/2023 19:00,0,0,0,11.8,0,11,10.2,12.5,90,1017
01/10/2023 20:00,0,0,0,10.9,0,10.3,9.8,12.1,93,1017.1
01/10/2023 21:00,0,0,0,10.2,0,9.9,9.6,11.9,95,1017.3
01/10/2023 22:00,0,0,0,9.9,0,9.6,9.4,11.8,97,1017.5
01/10/2023 23:00,0,0,0,9.8,0,9.6,9.3,11.7,96,1017.6
02/10/2023 00:00,0,0,0,10.2,0,9.9,9.6,12,96,1017.6
02/10/2023 01:00,0,0,0,9.8,0,9.6,9.4,11.8,97,1017.7
02/10/2023 02:00,0,0,0,9.5,0,9.3,9.1,11.6,97,1017.4
02/10/2023 03:00,0,0,0,9.4,0,9.1,8.8,11.3,96,1017.3
02/10/2023 04:00,0,0,0,9.4,0,9.1,8.8,11.3,96,1017.2
02/10/2023 05:00,0,0,0,9.3,0,8.9,8.5,11.1,95,1016.6
02/10/2023 06:00,0,0,0,8.5,0,8.2,7.9,10.7,96,1016.9
02/10/2023 07:00,0,0,0,9.4,0,9.1,8.7,11.3,95,1016.8
02/10/2023 08:00,0,0,0,10.9,0,10.2,9.5,11.9,91,1016.8
02/10/2023 09:00,0,0,0,12.1,0,11.3,10.6,12.8,90,1016.7
02/10/2023 10:00,0,0,0,13.3,0,11.7,10.3,12.5,82,1016.7
02/10/2023 11:00,0,0,0,13.8,0,12.1,10.6,12.7,81,1016.3
02/10/2023 12:00,0,0,0,14.1,0,11.9,10,12.2,76,1016.2
02/10/2023 13:00,0,0,0,14.4,0,12.4,10.6,12.8,78,1015.5
02/10/2023 14:00,0,0,0,14.6,0,12.4,10.4,12.6,75,1014.4
02/10/2023 15:00,0,0,0,14.1,0,12.3,10.7,12.9,80,1014.4
02/10/2023 16:00,0,0,0,13.3,0,12,10.8,13,85,1013.3
02/10/2023 17:00,0,0,0,12.7,0,11.7,10.7,12.9,87,1013.7
02/10/2023 18:00,0,0,0,12.3,0,11.5,10.8,13,90,1013.4
02/10/2023 19:00,0,0,0,10.4,0,9.9,9.4,11.8,93,1013.4
02/10/2023 20:00,0,0,0,9.6,0,9.3,9.1,11.5,96,1013.3
02/10/2023 21:00,0,0,0,9.1,0,8.9,8.6,11.2,97,1013.2
02/10/2023 22:00,0,0,0,9,0,8.9,8.7,11.2,97,1013.3
02/10/2023 23:00,0,0,0,10,0,9.8,9.6,12,97,1012.9
03/10/2023 00:00,0,0,0,10.1,0,9.8,9.6,11.9,96,1012.9
03/10/2023 01:00,0,0,0,9.8,0,9.6,9.4,11.8,97,1012.8
03/10/2023 02:00,0,0,0,11.3,0,10.9,10.5,12.7,94,1012.7
03/10/2023 03:00,0,0,0,10.9,0,10.4,9.9,12.2,93,1012.9
03/10/2023 04:00,0,0,0,10,0,9.5,9,11.5,93,1013.3
03/10/2023 05:00,0,0,0,9.8,0,9.4,8.9,11.4,94,1013.6
03/10/2023 06:00,0,0,0,9.7,0,9.2,8.8,11.3,94,1013.8
03/10/2023 07:00,0,0.1,0,10.1,0,9.5,8.8,11.3,91,1014.4
03/10/2023 08:00,0,0,0,11.4,0,10.4,9.4,11.8,87,1015.1
03/10/2023 09:00,0,0,0,12.4,0,11.2,10.2,12.4,86,1016
03/10/2023 10:00,0,0,0,14.2,0,12.4,10.8,12.9,80,1016.8
03/10/2023 11:00,0,0,0,14.6,0,12.7,11.1,13.2,79,1017.7
03/10/2023 12:00,0,0,0,15.3,0,12.8,10.5,12.7,72,1018.1
03/10/2023 13:00,0,0,0,16.5,0,12.4,8.5,11.1,58,1018.8
03/10/2023 14:00,0,0,0,15.8,0,12.3,9,11.5,64,1019.6
03/10/2023 15:00,0,0,0,16,0,12.3,8.9,11.4,62,1020
03/10/2023 16:00,0,0,0,15.4,0,12.2,9.2,11.6,66,1020.5
03/10/2023 17:00,0,0,0,14.2,0,11.5,8.8,11.3,69,1021
03/10/2023 18:00,0,0,0,13,0,11.1,9.2,11.6,77,1021.6
03/10/2023 19:00,0,0,0,12.7,0,11.2,9.9,12.2,83,1022.4
03/10/2023 20:00,0,0,0,12.4,0,11.1,9.9,12.2,84,1023
03/10/2023 21:00,0,0,0,11.5,0,10.7,9.9,12.2,89,1022.9
03/10/2023 22:00,0,0,0,11.2,0,10.3,9.4,11.8,89,1023
03/10/2023 23:00,0,0,0,11.5,0,10.4,9.4,11.8,87,1022.8
04/10/2023 00:00,0,0,0,11.7,0,10.5,9.4,11.8,85,1022.8
04/10/2023 01:00,0,0,0,11.1,0,10,8.9,11.4,86,1022.8
04/10/2023 02:00,0,0,0,11.2,0,10,8.8,11.3,85,1022.4
04/10/2023 03:00,0,0,0,11.6,0,10.4,9.2,11.6,85,1022.3
04/10/2023 04:00,0,0,0,11.6,0,10.4,9.2,11.6,84,1021.7
04/10/2023 05:00,0,0,0,11.8,0,10.5,9.3,11.7,84,1021.2
04/10/2023 06:00,0,0,0,11.8,0,10.6,9.3,11.8,84,1021.1
04/10/2023 07:00,0,0,0,12.5,0,11.1,9.8,12.1,83,1021
04/10/2023 08:00,0,0,0,12.9,0,11.4,9.9,12.2,82,1021.1
04/10/2023 09:00,0,0,0,13.3,0,11.6,9.9,12.2,80,1021
04/10/2023 10:00,0,0,0,15.3,0,12.8,10.6,12.8,73,1021
04/10/2023 11:00,0,0,0,16.4,0,13.6,11.2,13.3,71,1020.7
04/10/2023 12:00,0,0,0,15.9,0,13,10.5,12.7,70,1020.4
04/10/2023 13:00,0,0,0,15.6,0,13,10.9,13,73,1020.4
04/10/2023 14:00,0,0,0,16.2,0,13.7,11.6,13.7,74,1020.2
04/10/2023 15:00,0,0,0,15.2,0,13.6,12.2,14.2,82,1020.3
04/10/2023 16:00,0,0,0,15.3,0,13.4,11.8,13.9,79,1019.9
04/10/2023 17:00,0,0,0,15.2,0,13.1,11.4,13.4,77,1019.7
04/10/2023 18:00,0,0,0,14.7,0,12.7,11,13.2,78,1019.7
04/10/2023 19:00,0,0,0,14.5,0,12.5,10.7,12.9,78,1019.7
04/10/2023 20:00,0,0,0,14.2,0,12.2,10.4,12.6,77,1019.7
04/10/2023 21:00,0,0,0,14.2,0,12.5,11,13.1,81,1019.9
04/10/2023 22:00,0,0,0,14.2,0,12.8,11.7,13.7,85,1019.7
04/10/2023 23:00,0,0,0,14.2,0,12.9,11.8,13.8,85,1019.6
05/10/2023 00:00,0,0,0,14.3,0,13.2,12.3,14.3,87,1019.3
05/10/2023 01:00,0,0.4,0,14,0,13.3,12.7,14.7,92,1019.4
05/10/2023 02:00,0,0,0,13.8,0,13.3,12.8,14.8,93,1019.2
05/10/2023 03:00,0,0.4,0,13.7,0,13.2,12.7,14.7,93,1019.1
05/10/2023 04:00,0,0.4,0,13.2,0,12.3,11.6,13.7,90,1018.7
05/10/2023 05:00,0,0.6,0,13,0,12.2,11.5,13.6,90,1018.5
05/10/2023 06:00,0,0,0,13,0,12,11.2,13.3,88,1017.9
05/10/2023 07:00,0,0.4,0,13.3,0,12.2,11.2,13.3,87,1017.6
05/10/2023 08:00,0,0.2,0,13.5,0,12.6,11.8,13.8,89,1017.5
05/10/2023 09:00,0,0.8,0,13.9,0,13.1,12.3,14.3,90,1017.1
05/10/2023 10:00,0,0.2,0,15.2,0,13.8,12.6,14.6,84,1016.6
05/10/2023 11:00,0,0.2,0,16,0,14.2,12.8,14.7,81,1015.9
05/10/2023 12:00,0,0,0,16.7,0,14.9,13.5,15.4,81,1015.2
05/10/2023 13:00,0,0,0,17.5,0,15.4,13.9,15.9,79,1014.9
05/10/2023 14:00,0,0,0,17.3,0,15.4,14.1,16.1,81,1014.7
05/10/2023 15:00,0,0,0,17.4,0,15.8,14.7,16.7,84,1014.3
05/10/2023 16:00,0,0,0,17.5,0,16,14.9,16.9,84,1013.9
05/10/2023 17:00,0,0,0,17.2,0,15.9,14.9,16.9,86,1013.8
05/10/2023 18:00,0,0,0,17.4,0,15.9,14.9,16.9,85,1014.3
05/10/2023 19:00,0,0,0,17.1,0,15.9,15,17,87,1014.8
05/10/2023 20:00,0,0,0,17.2,0,15.9,15,17.1,86,1014.9
05/10/2023 21:00,0,0,0,17.1,0,15.9,15.1,17.2,87,1015
05/10/2023 22:00,0,0,0,17.1,0,16,15.2,17.3,88,1015.3
05/10/2023 23:00,0,0,0,17.1,0,16,15.2,17.2,88,1015.4
06/10/2023 00:00,0,0,0,16.9,0,16,15.3,17.4,90,1015.3
06/10/2023 01:00,0,0,0,16.9,0,16.1,15.4,17.6,91,1015.3
06/10/2023 02:00,0,0,0,16.9,0,16.1,15.6,17.7,91,1015.1
06/10/2023 03:00,0,0.1,0,17,0,16.2,15.6,17.8,92,1015
06/10/2023 04:00,0,0,0,17.3,0,16.3,15.6,17.8,90,1015.1
06/10/2023 05:00,0,0,0,17.3,0,16.3,15.6,17.8,90,1015.1
06/10/2023 06:00,0,0,0,17.2,0,16.4,15.7,17.9,90,1015.5
06/10/2023 07:00,0,0,0,17.5,0,16.6,15.9,18.1,90,1015.9
06/10/2023 08:00,0,0,0,17.9,0,16.7,16,18.1,88,1016.3
06/10/2023 09:00,0,0,0,18.5,0,16.9,15.8,18,84,1016.3
06/10/2023 10:00,0,0,0,19.3,0,17.4,16.1,18.3,81,1016.6
06/10/2023 11:00,0,0,0,19.3,0,17.5,16.2,18.4,82,1016.9
06/10/2023 12:00,0,0,0,19.9,0,17.8,16.4,18.6,80,1016.9
06/10/2023 13:00,0,0,0,20.5,0,18,16.3,18.5,76,1016.8
06/10/2023 14:00,0,0,0,20.2,0,17.9,16.4,18.7,78,1017
06/10/2023 15:00,0,0,0,20.2,0,18,16.6,18.9,79,1016.9
06/10/2023 16:00,0,0,0,19.7,0,17.7,16.4,18.6,81,1017
06/10/2023 17:00,0,0,0,18.6,0,17.1,16.1,18.3,85,1017
06/10/2023 18:00,0,0,0,18.5,0,16.7,15.4,17.5,82,1017.2
06/10/2023 19:00,0,0,0,18,0,16.5,15.5,17.7,85,1017.9
06/10/2023 20:00,0,0,0,17.6,0,16.1,15.1,17.1,85,1017.9
06/10/2023 21:00,0,0,0,17.3,0,15.7,14.5,16.6,83,1017.9
06/10/2023 22:00,0,0,0,16.8,0,14.7,13.1,15.1,78,1018
06/10/2023 23:00,0,0,0,16.1,0,13.7,11.8,13.8,75,1018.3
07/10/2023 00:00,0,0,0,15.2,0,13.6,12.3,14.3,82,1017.9
07/10/2023 01:00,0,0,0,15.4,0,14,12.8,14.8,84,1017.7
07/10/2023 02:00,0,0,0,15.7,0,14.3,13.2,15.2,84,1017.5
07/10/2023 03:00,0,0,0,15.5,0,14.3,13.3,15.3,86,1017.2
07/10/2023 04:00,0,0,0,15.4,0,14.2,13.3,15.3,87,1017.3
07/10/2023 05:00,0,0,0,15.4,0,14.3,13.5,15.4,88,1017.5
07/10/2023 06:00,0,0,0,15.5,0,14.3,13.4,15.4,87,1017.1
07/10/2023 07:00,0,0,0,16.3,0,14.9,13.8,15.8,85,1016.5
07/10/2023 08:00,0,0,0,16.9,0,15.6,14.6,16.6,86,1017.1
07/10/2023 09:00,0,0,0,19.1,0,16,13.8,15.8,71,1017.7
07/10/2023 10:00,0,0,0,19.2,0,16.1,13.8,15.8,71,1017.8
07/10/2023 11:00,0,0,0,20.4,0,16.4,13.4,15.4,64,1018.2
07/10/2023 12:00,0,0,0,21.5,0,16.5,12.8,14.8,57,1018.3
07/10/2023 13:00,0,0,0,21.1,0,16.7,13.5,15.5,61,1018.7
07/10/2023 14:00,0,0,0,20.7,0,16.7,13.7,15.7,64,1019
07/10/2023 15:00,0,0,0,20.3,0,17.1,15,17.1,71,1019.2
07/10/2023 16:00,0,0,0,20,0,17,14.9,16.9,72,1019.2
07/10/2023 17:00,0,0,0,19.9,0,16.6,14.3,16.3,70,1019.4
07/10/2023 18:00,0,0,0,19.2,0,16.2,14.1,16.1,72,1020
07/10/2023 19:00,0,0,0,18.5,0,15.8,13.8,15.7,73,1020
07/10/2023 20:00,0,0,0,19.2,0,15.5,12.7,14.7,66,1020.1
07/10/2023 21:00,0,0,0,17.8,0,14.8,12.4,14.4,70,1020.4
07/10/2023 22:00,0,0,0,16.3,0,14.3,12.7,14.7,79,1021.1
07/10/2023 23:00,0,0,0,15.1,0,13.8,12.7,14.7,85,1021.2
08/10/2023 00:00,0,0,0,14.5,0,13.5,12.7,14.7,89,1021.3
08/10/2023 01:00,0,0,0,14.2,0,13.3,12.6,14.6,90,1021.5
08/10/2023 02:00,0,0,0,13.2,0,12.6,12,14,92,1021.5
08/10/2023 03:00,0,0,0,12.8,0,12.4,12,14,94,1021.5
08/10/2023 04:00,0,0,0,11.9,0,11.6,11.3,13.4,95,1020.9
08/10/2023 05:00,0,0,0,12,0,11.7,11.5,13.5,96,1020.9
08/10/2023 06:00,0,0,0,12.2,0,12,11.7,13.8,97,1021
08/10/2023 07:00,0,0,0,11.8,0,11.3,10.9,13.1,94,1021.2
08/10/2023 08:00,0,0,0,13,0,12.3,11.6,13.7,91,1021.5
08/10/2023 09:00,0,0,0,16.3,0,13.7,11.5,13.6,73,1022.4
08/10/2023 10:00,0,0,0,17.1,0,14.4,12.3,14.3,72,1022
08/10/2023 11:00,0,0,0,20,0,15.8,12.7,14.7,62,1021
08/10/2023 12:00,0,0,0,20.1,0,16.5,13.9,15.9,67,1022.1
08/10/2023 13:00,0,0,0,20.8,0,17.3,15,17,69,1021.8
08/10/2023 14:00,0,0,0,21.5,0,17.9,15.6,17.7,69,1021.2
08/10/2023 15:00,0,0,0,20.9,0,18.2,16.4,18.6,75,1020.9
08/10/2023 16:00,0,0,0,20.3,0,18,16.5,18.8,79,1021.1
08/10/2023 17:00,0,0,0,19.2,0,17.4,16.1,18.3,82,1020.9
08/10/2023 18:00,0,0,0,18.2,0,17,16.1,18.3,87,1021.3
08/10/2023 19:00,0,0,0,17.5,0,16.5,15.8,18,89,1021.4
08/10/2023 20:00,0,0,0,16.6,0,15.8,15.2,17.3,91,1021.7
08/10/2023 21:00,0,0,0,16.5,0,15.7,15.1,17.2,91,1022.1
08/10/2023 22:00,0,0,0,16.3,0,15.6,15.1,17.2,92,1022.5
08/10/2023 23:00,0,0,0,16.5,0,15.4,14.7,16.7,89,1022.2
09/10/2023 00:00,0,0,0,16.4,0,15.3,14.5,16.5,88,1021.7
09/10/2023 01:00,0,0,0,15.9,0,14.7,13.8,15.8,87,1021.7
09/10/2023 02:00,0,0,0,15.6,0,14.6,13.8,15.8,89,1022
09/10/2023 03:00,0,0,0,15.2,0,14.4,13.8,15.8,91,1021.6
09/10/2023 04:00,0,0,0,14.8,0,14.4,14,16,94,1021.4
09/10/2023 05:00,0,0,0,14.8,0,14.3,14,16,95,1021.5
09/10/2023 06:00,0,0,0,14.4,0,13.9,13.5,15.5,94,1021.8
09/10/2023 07:00,0,0,0,13.3,0,13,12.7,14.7,96,1021.7
09/10/2023 08:00,0,0,0,14.4,0,14.1,13.9,15.9,96,1022.1
09/10/2023 09:00,0,0,0,15.7,0,14.8,14.1,16,89,1022.1
09/10/2023 10:00,0,0,0,18.3,0,16.1,14.5,16.5,78,1022
09/10/2023 11:00,0,0,0,19.5,0,16.3,14,16,70,1021.5
09/10/2023 12:00,0,0,0,21.2,0,17.3,14.7,16.7,66,1020.6
09/10/2023 13:00,0,0,0,23,0,17.7,14,15.9,56,1020.1
09/10/2023 14:00,0,0,0,23,0,18.6,15.7,17.9,63,1019.7
09/10/2023 15:00,0,0,0,20.4,0,17,14.6,16.7,69,1019.3
09/10/2023 16:00,0,0,0,18.6,0,16.4,14.8,16.8,78,1019
09/10/2023 17:00,0,0,0,17.3,0,15.9,14.9,16.9,85,1018.8
09/10/2023 18:00,0,0,0,15.6,0,14.9,14.3,16.3,91,1018.8
09/10/2023 19:00,0,0,0,14.9,0,14.1,13.5,15.5,91,1018.6
09/10/2023 20:00,0,0,0,14.3,0,13.6,13.2,15.1,93,1018.5
09/10/2023 21:00,0,0,0,13.8,0,13.4,13,15,94,1018.2
09/10/2023 22:00,0,0,0,13.4,0,13,12.6,14.6,94,1018
09/10/2023 23:00,0,0,0,13.9,0,13.5,13.2,15.1,95,1017.8
10/10/2023 00:00,0,0,0,14.2,0,13.4,12.8,14.8,91,1017.5
10/10/2023 01:00,0,0,0,14.7,0,13.5,12.5,14.5,86,1017
10/10/2023 02:00,0,0,0,14.7,0,13.8,13.1,15.1,90,1016.6
10/10/2023 03:00,0,0,0,14.6,0,13.7,13,15,90,1015.8
10/10/2023 04:00,0,0,0,14.2,0,13.3,12.6,14.6,90,1015.2
10/10/2023 05:00,0,0,0,13.8,0,12.8,12,14,89,1014.5
10/10/2023 06:00,0,0,0,14.4,0,13,11.8,13.8,84,1013.6
10/10/2023 07:00,0,0,0,15.7,0,13.2,11.1,13.2,73,1013.6
10/10/2023 08:00,0,0,0,17.4,0,14.1,11.3,13.4,67,1013.3
10/10/2023 09:00,0,0,0,18.6,0,14.9,12.1,14.1,65,1012.9
10/10/2023 10:00,0,0,0,19.4,0,15,11.4,13.5,59,1012.6
10/10/2023 11:00,0,0,0,20.1,0,15.5,12,14,59,1012.2
10/10/2023 12:00,0,0,0,20.9,0,15.7,11.7,13.7,55,1011.5
10/10/2023 13:00,0,0,0,21.5,0,17,13.7,15.7,61,1010.8
10/10/2023 14:00,0,0,0,21.3,0,17.4,14.7,16.8,66,1010.1
10/10/2023 15:00,0,0,0,21,0,17.6,15.4,17.5,70,1009.8
10/10/2023 16:00,0,0,0,20.3,0,17.5,15.7,17.8,74,1009.7
10/10/2023 17:00,0,0,0,19.3,0,17.1,15.5,17.7,78,1009.7
10/10/2023 18:00,0,0,0,18.2,0,16.4,15.1,17.1,82,1009.9
10/10/2023 19:00,0,0,0,17.6,0,15.8,14.5,16.5,82,1010.4
10/10/2023 20:00,0,0,0,17.5,0,15.4,13.8,15.8,78,1010.1
10/10/2023 21:00,0,0,0,16.8,0,15,13.6,15.6,81,1009.9
10/10/2023 22:00,0,0,0,16.4,0,14.6,13.1,15.1,81,1009.7
10/10/2023 23:00,0,0,0,16.2,0,14.6,13.3,15.3,82,1009.5
11/10/2023 00:00,0,0,0,16,0,14.5,13.3,15.3,84,1009.2
11/10/2023 01:00,0,0.4,0,15.2,0,14.4,13.7,15.7,91,1009
11/10/2023 02:00,0,0,0,15.2,0,14.2,13.4,15.4,89,1008.6
11/10/2023 03:00,0,0.4,0,14.8,0,14.1,13.6,15.6,92,1008.3
11/10/2023 04:00,0,0,0,15,0,14.3,13.7,15.7,91,1008.4
11/10/2023 05:00,0,0.8,0,12.6,0,12,11.6,13.6,93,1009.5
11/10/2023 06:00,0,0.4,0,11.9,0,11.6,11.2,13.3,95,1010.2
11/10/2023 07:00,0,0.4,0,10.4,0,10,9.6,12,94,1010.6
11/10/2023 08:00,0,1,0,10.3,0,9.9,9.5,11.9,95,1011.4
11/10/2023 09:00,0,0.4,0,10.2,0,9.8,9.3,11.7,93,1011.7
11/10/2023 10:00,0,1.2,0,10.2,0,9.8,9.5,11.8,95,1011.7
11/10/2023 11:00,0,1,0,10.4,0,10,9.6,12,95,1011.6
11/10/2023 12:00,0,0.4,0,10.3,0,9.7,9.1,11.6,92,1011.9
11/10/2023 13:00,0,1.2,0,10.4,0,9.9,9.4,11.8,93,1011.9
11/10/2023 14:00,0,0.2,0,10.3,0,9.7,9.1,11.6,92,1011.8
11/10/2023 15:00,0,0,0,10.6,0,9.9,9.1,11.6,90,1011.8
11/10/2023 16:00,0,0,0,10.5,0,9.8,9.1,11.6,91,1011.8
11/10/2023 17:00,0,0,0,9.7,0,8.4,6.9,10,83,1012.2
11/10/2023 18:00,0,0,0,7.9,0,7.2,6.4,9.6,90,1013.1
11/10/2023 19:00,0,0,0,6.5,0,6.1,5.6,9.1,93,1013.2
11/10/2023 20:00,0,0,0,5.6,0,5.3,4.9,8.7,95,1013.6
11/10/2023 21:00,0,0,0,5.8,0,5.6,5.3,8.9,96,1013.9
11/10/2023 22:00,0,0,0,5.7,0,5.6,5.4,9,98,1014.1
11/10/2023 23:00,0,0,0,5.5,0,5.4,5.3,8.9,98,1014.1
12/10/2023 00:00,0,0,0,5.4,0,5.3,5.1,8.8,97,1014
12/10/2023 01:00,0,0,0,5.3,0,5.2,5,8.7,97,1013.8
12/10/2023 02:00,0,0,0,5.1,0,4.9,4.7,8.5,97,1013.8
12/10/2023 03:00,0,0,0,5.2,0,5,4.9,8.6,97,1013.9
12/10/2023 04:00,0,0,0,5.1,0,5.1,4.9,8.7,98,1013.9
12/10/2023 05:00,0,0,0,5.4,0,5.2,5,8.7,97,1013.9
12/10/2023 06:00,0,0,0,4.4,0,4.2,4,8.1,97,1014.4
12/10/2023 07:00,0,0,0,3.6,0,3.5,3.3,7.7,97,1014.3
12/10/2023 08:00,0,0,0,4.7,0,4.7,4.6,8.5,99,1014.4
12/10/2023 09:00,0,0,0,7,0,6.7,6.3,9.6,95,1014.3
12/10/2023 10:00,0,0,0,10.2,0,8.2,5.9,9.3,74,1014
12/10/2023 11:00,0,0,0,12.5,0,9.1,5.2,8.8,61,1013.8
12/10/2023 12:00,0,0,0,12.8,0,9.3,5.2,8.8,59,1013.3
12/10/2023 13:00,0,0,0,13.3,0,10.2,6.9,10,65,1012.2
12/10/2023 14:00,0,0,0,12.8,0,10.2,7.5,10.4,70,1011.6
12/10/2023 15:00,0,0,0,12.6,0,10.4,8.1,10.8,74,1010.9
12/10/2023 16:00,0,0,0,12.1,0,10.4,8.7,11.3,79,1010.4
12/10/2023 17:00,0,0,0,11.7,0,10.2,8.6,11.2,81,1009.8
12/10/2023 18:00,0,0,0,11.2,0,10,8.7,11.3,84,1009.3
12/10/2023 19:00,0,0,0,11.1,0,10,8.9,11.4,86,1008.5
12/10/2023 20:00,0,0,0,11.2,0,10.3,9.4,11.8,88,1007.7
12/10/2023 21:00,0,0,0,11.2,0,10.5,9.8,12.1,91,1006.5
12/10/2023 22:00,0,0,0,11.2,0,10.6,10,12.3,92,1005.5
12/10/2023 23:00,0,0,0,11.4,0,10.7,10,12.3,90,1004
13/10/2023 00:00,0,0,0,11.2,0,10.6,10.1,12.3,92,1002.9
13/10/2023 01:00,0,0,0,11.3,0,10.6,10,12.3,91,1001.8
13/10/2023 02:00,0,0.1,0,11.1,0,10.6,10.1,12.3,93,1000.7
13/10/2023 03:00,0,0.5,0,10.9,0,10.6,10.2,12.4,94,999.4
13/10/2023 04:00,0,0.7,0,10.8,0,10.5,10.2,12.5,96,998.6
13/10/2023 05:00,0,0.7,0,9.9,0,9.6,9.2,11.7,95,998.6
13/10/2023 06:00,0,0.5,0,8.9,0,8.6,8.3,11,96,998.9
13/10/2023 07:00,0,0.2,0,8.8,0,8.6,8.3,10.9,96,999
13/10/2023 08:00,0,0,0,9.2,0,8.9,8.5,11.1,95,999.8
13/10/2023 09:00,0,0,0,9.8,0,9.2,8.7,11.2,92,1000.5
13/10/2023 10:00,0,0,0,10.6,0,9.7,8.7,11.3,88,1000.8
13/10/2023 11:00,0,0,0,12.4,0,10.2,8,10.8,74,1001.2
13/10/2023 12:00,0,0,0,11.9,0,9.2,6.2,9.5,68,1001.5
13/10/2023 13:00,0,0,0,13.2,0,9.8,6,9.3,61,1001.6
13/10/2023 14:00,0,0,0,12.9,0,9.5,5.7,9.2,61,1002.3
13/10/2023 15:00,0,0,0,12,0,8.3,3.7,8,57,1002.9
13/10/2023 16:00,0,0,0,11.9,0,9.1,5.8,9.2,65,1003.6
13/10/2023 17:00,0,0,0,9.9,0,7.9,5.5,9,74,1004.8
13/10/2023 18:00,0,0,0,8.6,0,7.1,5.4,8.9,80,1006
13/10/2023 19:00,0,0,0,7.9,0,6.8,5.3,8.9,83,1007.2
13/10/2023 20:00,0,0,0,7.6,0,6.6,5.3,8.9,85,1008.5
13/10/2023 21:00,0,0,0,7.2,0,6.2,5.1,8.8,86,1009.7
13/10/2023 22:00,0,0,0,6.6,0,5.8,4.8,8.6,88,1010.7
13/10/2023 23:00,0,0,0,6.4,0,5.7,4.9,8.7,90,1011.5
14/10/2023 00:00,0,0.2,0,6.5,0,5.9,5.2,8.8,91,1012.3
14/10/2023 01:00,0,0,0,6.2,0,5.7,5.1,8.8,92,1012.9
14/10/2023 02:00,0,0,0,6,0,5.5,4.9,8.7,92,1013.5
14/10/2023 03:00,0,0,0,5.7,0,5.3,4.7,8.5,93,1014.3
14/10/2023 04:00,0,0.1,0,5.2,0,4.9,4.4,8.4,94,1015.1
14/10/2023 05:00,0,0,0,4.7,0,4.5,4.2,8.2,96,1015.9
14/10/2023 06:00,0,0,0,4.6,0,4.3,4,8.2,96,1016.6
14/10/2023 07:00,0,0,0,4.2,0,4,3.7,8,96,1017.8
14/10/2023 08:00,0,0,0,4.8,0,4.5,4,8.2,94,1018.9
14/10/2023 09:00,0,0,0,7.2,0,6.2,5,8.7,85,1019.7
14/10/2023 10:00,0,0,0,9.1,0,7.3,5.2,8.9,76,1020.1
14/10/2023 11:00,0,0,0,10.3,0,8.1,5.5,9,71,1020.6
14/10/2023 12:00,0,0,0,10.7,0,8.1,4.9,8.6,67,1021
14/10/2023 13:00,0,0,0,11,0,7.9,4.1,8.2,62,1021.4
14/10/2023 14:00,0,0,0,10.2,0,7.7,4.5,8.4,67,1021.9
14/10/2023 15:00,0,0,0,10.4,0,7.7,4.5,8.4,66,1022.2
14/10/2023 16:00,0,0,0,9.2,0,7.2,4.7,8.5,73,1022.6
14/10/2023 17:00,0,0,0,8.4,0,6.5,4.1,8.2,74,1023.2
14/10/2023 18:00,0,0,0,6.4,0,5.4,4,8.1,84,1023.9
14/10/2023 19:00,0,0,0,5.8,0,4.9,3.8,8,86,1024.5
14/10/2023 20:00,0,0,0,4.8,0,4.3,3.5,7.9,91,1025
14/10/2023 21:00,0,0,0,4.2,0,3.7,3.1,7.6,92,1025.8
14/10/2023 22:00,0,0,0,3.5,0,3.2,2.7,7.4,94,1026.3
14/10/2023 23:00,0,0,0,3.3,0,3,2.7,7.4,95,1026.6
15/10/2023 00:00,0,0,0,2.9,0,2.6,2.2,7.2,95,1026.9
15/10/2023 01:00,0,0,0,2.7,0,2.5,2.2,7.2,96,1027.2
15/10/2023 02:00,0,0,0,2.3,0,2.1,1.8,6.9,96,1027.5
15/10/2023 03:00,0,0,0,2,0,1.8,1.6,6.8,97,1027.8
15/10/2023 04:00,0,0,0,2.2,0,2.1,1.9,7,97,1027.9
15/10/2023 05:00,0,0,0,1.9,0,1.7,1.4,6.8,96,1027.9
15/10/2023 06:00,0,0,0,1.2,0,1,0.7,6.4,96,1027.9
15/10/2023 07:00,0,0,0,1.2,0,1.1,0.9,6.5,97,1028.2
15/10/2023 08:00,0,0,0,2.1,0,1.9,1.7,6.9,97,1028.4
15/10/2023 09:00,0,0,0,4.2,0,4,3.6,7.9,96,1028.9
15/10/2023 10:00,0,0,0,6.9,0,5.8,4.4,8.4,84,1028.8
15/10/2023 11:00,0,0,0,9,0,6.9,4.3,8.3,72,1028.6
15/10/2023 12:00,0,0,0,10.2,0,7,2.8,7.5,59,1028.3
15/10/2023 13:00,0,0,0,11.1,0,6.9,1.3,6.7,50,1027.7
15/10/2023 14:00,0,0,0,11.2,0,7.3,2.2,7.2,54,1027.5
15/10/2023 15:00,0,0,0,10.5,0,6.7,1.4,6.8,53,1027.1
15/10/2023 16:00,0,0,0,9.1,0,6.6,3.4,7.8,67,1026.7
15/10/2023 17:00,0,0,0,8.3,0,6.2,3.3,7.8,70,1026.4
15/10/2023 18:00,0,0,0,6.6,0,5.3,3.5,7.9,80,1026.3
15/10/2023 19:00,0,0,0,5.5,0,4.9,4,8.2,90,1026.1
15/10/2023 20:00,0,0,0,5.2,0,4.8,4.3,8.3,93,1025.7
15/10/2023 21:00,0,0,0,5.5,0,5.2,4.8,8.6,95,1025.5
15/10/2023 22:00,0,0,0,6.3,0,5.8,5.2,8.9,92,1025.2
15/10/2023 23:00,0,0,0,6.4,0,5.9,5.3,8.9,92,1024.8
16/10/2023 00:00,0,0,0,6.3,0,5.8,5.2,8.8,92,1024.2
16/10/2023 01:00,0,0,0,6,0,5.5,4.9,8.6,92,1023.7
16/10/2023 02:00,0,0,0,6.2,0,5.8,5.2,8.9,93,1023.2
16/10/2023 03:00,0,0,0,5.4,0,5,4.6,8.5,94,1023.1
16/10/2023 04:00,0,0,0,4.7,0,4.4,4,8.2,95,1022.7
16/10/2023 05:00,0,0,0,5.1,0,4.9,4.7,8.5,97,1022.3
16/10/2023 06:00,0,0,0,5.5,0,5.3,4.9,8.7,96,1021.7
16/10/2023 07:00,0,0,0,4.7,0,4.4,4,8.1,95,1021.4
16/10/2023 08:00,0,0,0,5.6,0,5.2,4.8,8.6,94,1021.3
16/10/2023 09:00,0,0,0,8.1,0,7.1,5.8,9.3,85,1021.1
16/10/2023 10:00,0,0,0,10.8,0,8.1,5,8.7,67,1021
16/10/2023 11:00,0,0,0,11.6,0,8.4,4.5,8.4,61,1020.9
16/10/2023 12:00,0,0,0,12.3,0,8.5,3.9,8.1,56,1020.4
16/10/2023 13:00,0,0,0,12.6,0,8.5,3.4,7.8,53,1019.8
16/10/2023 14:00,0,0,0,12.6,0,8.5,3.4,7.8,53,1019.2
16/10/2023 15:00,0,0,0,11.5,0,7.7,2.9,7.5,55,1018.8
16/10/2023 16:00,0,0,0,10.7,0,7.4,3.3,7.7,60,1018.5
16/10/2023 17:00,0,0,0,9.6,0,7,3.7,8,66,1018.5
16/10/2023 18:00,0,0,0,8.1,0,6.5,4.5,8.4,78,1018.6
16/10/2023 19:00,0,0,0,6.5,0,5.8,4.7,8.6,88,1018.4
16/10/2023 20:00,0,0,0,6,0,5.3,4.5,8.4,90,1018.3
16/10/2023 21:00,0,0,0,6.8,0,5.8,4.4,8.4,84,1018.3
16/10/2023 22:00,0,0,0,7.9,0,6.9,5.7,9.1,85,1017.8
16/10/2023 23:00,0,0,0,10.5,0,8.6,6.4,9.6,76,1017.4
17/10/2023 00:00,0,0,0,10.6,0,8.6,6.3,9.5,74,1017.1
17/10/2023 01:00,0,0,0,10.4,0,8.5,6.3,9.5,75,1016.6
17/10/2023 02:00,0,0,0,10.4,0,8.2,5.8,9.2,73,1016.1
17/10/2023 03:00,0,0,0,10.8,0,8.5,5.9,9.3,71,1015.4
17/10/2023 04:00,0,0,0,11.1,0,8.8,6.3,9.5,71,1014.9
17/10/2023 05:00,0,0,0,11.2,0,8.9,6.4,9.6,72,1014.7
17/10/2023 06:00,0,0,0,11,0,8.8,6.3,9.6,72,1014.4
17/10/2023 07:00,0,0,0,11.2,0,9.2,6.9,9.9,74,1014.3
17/10/2023 08:00,0,0,0,11.6,0,9.3,6.7,9.8,72,1014.2
17/10/2023 09:00,0,0,0,12.2,0,9.6,6.9,9.9,70,1013.6
17/10/2023 10:00,0,0,0,12.4,0,9.9,7.4,10.3,71,1013.3
17/10/2023 11:00,0,0,0,12.5,0,10,7.3,10.2,70,1012.7
17/10/2023 12:00,0,0,0,12.6,0,10.1,7.5,10.4,71,1012
17/10/2023 13:00,0,0,0,12.6,0,10,7.3,10.2,70,1011
17/10/2023 14:00,0,0,0,12.8,0,10.3,7.8,10.5,71,1010
17/10/2023 15:00,0,0,0,13.1,0,9.6,5.6,9.1,60,1009.6
17/10/2023 16:00,0,0,0,13.2,0,9.6,5.6,9.1,59,1008.9
17/10/2023 17:00,0,0,0,13.1,0,9.9,6.5,9.7,64,1008
17/10/2023 18:00,0,0.2,0,12.7,0,10.3,7.9,10.6,72,1007.4
17/10/2023 19:00,0,0.7,0,12.2,0,10.3,8.4,11,77,1006.5
17/10/2023 20:00,0,1.8,0,11.7,0,10.3,9,11.5,83,1005.4
17/10/2023 21:00,0,1.2,0,12,0,10.3,8.5,11.1,79,1004.7
17/10/2023 22:00,0,1.5,0,11.4,0,10.4,9.3,11.7,86,1004.1
17/10/2023 23:00,0,2.9,0,10.7,0,9.6,8.6,11.2,86,1003.9
18/10/2023 00:00,0,1.8,0,10.6,0,10,9.4,11.8,92,1002.8
18/10/2023 01:00,0,1.3,0,10.7,0,10.1,9.5,11.9,92,1002.2
18/10/2023 02:00,0,0,0,11.6,0,10.4,9.2,11.6,85,1001.3
18/10/2023 03:00,0,0,0,12.1,0,10.6,9.1,11.6,82,999.7
18/10/2023 04:00,0,1.3,0,11.4,0,10.6,9.8,12.1,89,998.7
18/10/2023 05:00,0,0.1,0,12,0,10.9,9.9,12.2,86,997.4
18/10/2023 06:00,0,0,0,12.5,0,11.4,10.5,12.7,87,996.5
18/10/2023 07:00,0,0,0,12.9,0,11.9,11,13.1,88,995.5
18/10/2023 08:00,0,0,0,13.2,0,12,11,13.1,86,995.3
18/10/2023 09:00,0,0,0,13.4,0,12.2,11.2,13.3,86,994.6
18/10/2023 10:00,0,0,0,13.4,0,12.3,11.4,13.4,87,993.7
18/10/2023 11:00,0,0,0,13.6,0,12.4,11.4,13.5,86,993
18/10/2023 12:00,0,0,0,13.9,0,12.6,11.6,13.6,85,991.9
18/10/2023 13:00,0,0,0,13.6,0,12.4,11.4,13.5,86,990.8
18/10/2023 14:00,0,0,0,13.8,0,12.5,11.3,13.4,84,989.6
18/10/2023 15:00,0,0,0,13.9,0,12.6,11.5,13.6,86,988.3
18/10/2023 16:00,0,0.9,0,13.1,0,12.6,12.2,14.2,94,987.3
18/10/2023 17:00,0,1.8,0,13.2,0,12.9,12.6,14.6,96,986.4
18/10/2023 18:00,0,1.1,0,13.4,0,13,12.7,14.7,96,986
18/10/2023 19:00,0,0.6,0,13.4,0,13.1,12.8,14.8,96,985
18/10/2023 20:00,0,2.1,0,13.4,0,13.1,12.9,14.9,96,984.5
18/10/2023 21:00,0,4.4,0,13.4,0,13.1,12.9,14.9,97,984
18/10/2023 22:00,0,4.8,0,13.3,0,13.1,12.9,14.9,97,983.3
18/10/2023 23:00,0,2.6,0,13.3,0,13.1,12.9,14.8,97,982.5
19/10/2023 00:00,0,1,0,13.1,0,12.8,12.6,14.6,97,981.8
19/10/2023 01:00,0,2.6,0,12.9,0,12.7,12.4,14.4,97,981.1
19/10/2023 02:00,0,2,0,12.6,0,12.3,12.1,14.1,97,980.4
19/10/2023 03:00,0,1.2,0,12.5,0,12.3,12.1,14.1,97,978.9
19/10/2023 04:00,0,1.2,0,12.6,0,12.4,12.2,14.2,97,978
19/10/2023 05:00,0,1,0,12.7,0,12.5,12.3,14.3,97,977.2
19/10/2023 06:00,0,0.2,0,12.7,0,12.6,12.4,14.4,97,976.6
19/10/2023 07:00,0,0,0,12.8,0,12.6,12.4,14.4,97,976.3
19/10/2023 08:00,0,0.8,0,13.1,0,12.9,12.8,14.8,98,976.3
19/10/2023 09:00,0,0.6,0,13.4,0,13.2,13,15,97,976.5
19/10/2023 10:00,0,0,0,13.6,0,13.3,13.1,15.1,96,977
19/10/2023 11:00,0,0.2,0,15,0,14.5,14.2,16.2,95,977
19/10/2023 12:00,0,0,0,16.2,0,14.9,13.8,15.8,86,975.7
19/10/2023 13:00,0,0,0,17.8,0,15.4,13.7,15.6,76,976
19/10/2023 14:00,0,0,0,17.4,0,14.5,12.3,14.3,71,976.2
19/10/2023 15:00,0,0,0,15.9,0,14.4,13.1,15.1,83,976.2
19/10/2023 16:00,0,2.2,0,14.5,0,14.1,13.7,15.7,94,976.3
19/10/2023 17:00,0,0.2,0,14.6,0,14.3,14,16,96,976.4
19/10/2023 18:00,0,2.2,0,14.6,0,14.3,14.1,16.1,96,976.9
19/10/2023 19:00,0,0.4,0,14.5,0,14.2,13.9,15.9,96,977.1
19/10/2023 20:00,0,0,0,14.3,0,14,13.7,15.7,96,977.9
19/10/2023 21:00,0,1.2,0,14.4,0,14.1,13.9,15.8,96,978.4
19/10/2023 22:00,0,0.6,0,13.7,0,13.3,13,15,96,978.5
19/10/2023 23:00,0,0,0,12.9,0,12.5,12.1,14.2,95,978.8
20/10/2023 00:00,0,0,0,13.2,0,12.9,12.6,14.6,96,978.9
20/10/2023 01:00,0,0.1,0,13.3,0,13,12.7,14.7,96,979.3
20/10/2023 02:00,0,0,0,13.4,0,13.1,12.9,14.9,96,979.5
20/10/2023 03:00,0,0,0,12.5,0,12.2,12,14,96,979.4
20/10/2023 04:00,0,0,0,11.9,0,11.7,11.5,13.6,97,979.2
20/10/2023 05:00,0,0,0,12.6,0,12.5,12.4,14.4,98,979.3
20/10/2023 06:00,0,0,0,12.5,0,12.4,12.3,14.3,98,979.3
20/10/2023 07:00,0,0.3,0,13.2,0,13.1,13,14.9,98,979.8
20/10/2023 08:00,0,0,0,13.5,0,13.3,13.2,15.2,98,979.9
20/10/2023 09:00,0,0.4,0,13.9,0,13.6,13.4,15.4,97,980.2
20/10/2023 10:00,0,1.3,0,13.8,0,13.5,13.3,15.2,97,980.6
20/10/2023 11:00,0,2.6,0,13.1,0,12.7,12.3,14.3,95,981.1
20/10/2023 12:00,0,2.5,0,12.4,0,11.9,11.4,13.5,93,981.2
20/10/2023 13:00,0,2.5,0,11.8,0,11.3,10.8,12.9,93,981.5
20/10/2023 14:00,0,3.8,0,11.3,0,10.9,10.4,12.6,94,981.4
20/10/2023 15:00,0,4.5,0,11.1,0,10.6,10.1,12.3,93,981.1
20/10/2023 16:00,0,3,0,11,0,10.3,9.6,12,91,981.3
20/10/2023 17:00,0,2.9,0,10.7,0,10.1,9.5,11.8,92,982.2
20/10/2023 18:00,0,3.6,0,10.3,0,9.7,9,11.5,91,982.4
20/10/2023 19:00,0,2.7,0,10.1,0,9.4,8.7,11.2,90,982.9
20/10/2023 20:00,0,0.6,0,9.9,0,9.2,8.5,11.1,91,983.1
20/10/2023 21:00,0,0.1,0,10,0,8.8,7.6,10.4,85,983.6
20/10/2023 22:00,0,0,0,10,0,8.9,7.8,10.5,85,983.7
20/10/2023 23:00,0,0.1,0,9.5,0,8.7,7.8,10.6,89,983.2
21/10/2023 00:00,0,0,0,10.2,0,8.7,7.1,10.1,80,984.3
21/10/2023 01:00,0,0,0,10.2,0,8.6,6.7,9.8,79,984.5
21/10/2023 02:00,0,0,0,10.1,0,8.6,6.9,10,80,984.9
21/10/2023 03:00,0,0,0,9.5,0,8.7,7.8,10.6,89,985
21/10/2023 04:00,0,2,0,8.6,0,8.2,7.6,10.5,93,985.3
21/10/2023 05:00,0,0.5,0,7.7,0,7.3,6.9,9.9,94,985.9
21/10/2023 06:00,0,0,0,7.4,0,6.8,6.1,9.4,91,986.4
21/10/2023 07:00,0,0,0,7.2,0,6.7,6.1,9.4,92,987.1
21/10/2023 08:00,0,0,0,7.8,0,7.2,6.6,9.7,92,987.6
21/10/2023 09:00,0,0,0,8.5,0,7.9,7.2,10.1,91,988.1
21/10/2023 10:00,0,0,0,9,0,7.9,6.7,9.8,85,988.7
21/10/2023 11:00,0,0,0,9.4,0,8.1,6.7,9.8,83,989.1
21/10/2023 12:00,0,0,0,10.4,0,8.8,7,10,79,989.2
21/10/2023 13:00,0,0,0,10.9,0,8.6,5.9,9.3,71,989.6
21/10/2023 14:00,0,0,0,10.6,0,8.5,6.1,9.4,74,990
21/10/2023 15:00,0,0,0,10.9,0,8.7,6.3,9.6,73,990.4
21/10/2023 16:00,0,0,0,9.9,0,8.1,5.9,9.3,76,990.9
21/10/2023 17:00,0,0,0,8.8,0,7.3,5.6,9.1,80,991.6
21/10/2023 18:00,0,0,0,7.4,0,6.7,5.8,9.2,89,992.6
21/10/2023 19:00,0,0,0,7.1,0,6.4,5.4,9,89,993.3
21/10/2023 20:00,0,0,0,6.6,0,6,5.3,8.9,90,994.1
21/10/2023 21:00,0,0,0,6,0,5.6,5,8.7,93,994.7
21/10/2023 22:00,0,0,0,5.8,0,5.5,5.1,8.8,94,995.3
21/10/2023 23:00,0,0,0,5.6,0,5.3,4.8,8.6,94,995.9
22/10/2023 00:00,0,0,0,5.3,0,5,4.5,8.4,94,996.7
22/10/2023 01:00,0,0,0,4.8,0,4.5,4,8.2,94,997.4
22/10/2023 02:00,0,0,0,4.3,0,4,3.6,7.9,95,997.7
22/10/2023 03:00,0,0,0,4,0,3.7,3.3,7.7,95,998.4
22/10/2023 04:00,0,0,0,2.8,0,2.6,2.1,7.1,95,999
22/10/2023 05:00,0,0,0,3.1,0,3,2.7,7.4,97,999.6
22/10/2023 06:00,0,0,0,2.6,0,2.5,2.2,7.2,97,1000.2
22/10/2023 07:00,0,0,0,2.5,0,2.3,2.1,7.1,97,1000.8
22/10/2023 08:00,0,0,0,2.7,0,2.7,2.5,7.3,98,1001.8
22/10/2023 09:00,0,0,0,5.8,0,5.7,5.5,9,97,1002.3
22/10/2023 10:00,0,0,0,9.8,0,8.3,6.6,9.7,80,1002.7
22/10/2023 11:00,0,0,0,11.8,0,9.3,6.6,9.7,70,1003.2
22/10/2023 12:00,0,0,0,12.9,0,9.4,5.4,9,60,1003.4
22/10/2023 13:00,0,0,0,13.9,0,9.5,4.4,8.3,52,1003.6
22/10/2023 14:00,0,0,0,13.6,0,8.8,2.9,7.5,48,1004
22/10/2023 15:00,0,0,0,11.9,0,8.6,4.9,8.6,62,1004.3
22/10/2023 16:00,0,0,0,11,0,8.5,5.5,9,68,1004.6
22/10/2023 17:00,0,0,0,9.8,0,8.1,6.1,9.4,77,1005
22/10/2023 18:00,0,0,0,7.5,0,6.9,6.1,9.4,91,1005.4
22/10/2023 19:00,0,0,0,6.3,0,5.8,5.3,8.9,93,1006
22/10/2023 20:00,0,0,0,6,0,5.7,5.4,8.9,95,1006.1
22/10/2023 21:00,0,0,0,5.8,0,5.7,5.4,9,97,1006.1
22/10/2023 22:00,0,0,0,6.8,0,6.5,6.2,9.5,95,1006.1
22/10/2023 23:00,0,0,0,9.3,0,8.5,7.7,10.5,89,1005.8
23/10/2023 00:00,0,0.1,0,10.1,0,9.4,8.6,11.2,91,1005.8
23/10/2023 01:00,0,1,0,10.1,0,9.8,9.5,11.9,96,1005.4
23/10/2023 02:00,0,0.6,0,11.7,0,11.4,11.1,13.2,95,1005
23/10/2023 03:00,0,0.4,0,12,0,11.6,11.2,13.3,94,1004.8
23/10/2023 04:00,0,0,0,12.2,0,11.7,11.1,13.3,93,1004.4
23/10/2023 05:00,0,0.4,0,12.3,0,11.7,11.1,13.2,92,1004.3
23/10/2023 06:00,0,0,0,12.2,0,11.6,11,13.2,92,1004.1
23/10/2023 07:00,0,0,0,12.5,0,11.7,10.9,13.1,90,1004.1
23/10/2023 08:00,0,0,0,12.8,0,11.7,10.7,12.9,86,1004.2
23/10/2023 09:00,0,0,0,13.1,0,11.9,10.8,12.9,85,1003.8
23/10/2023 10:00,0,0,0,13.5,0,12,10.7,12.9,83,1003.6
23/10/2023 11:00,0,0,0,13.6,0,12,10.5,12.7,81,1003.4
23/10/2023 12:00,0,0,0,14,0,12.3,10.9,13,81,1002.6
23/10/2023 13:00,0,0,0,14.3,0,12.5,10.9,13,80,1002.1
23/10/2023 14:00,0,0,0,14.4,0,12.8,11.3,13.4,81,1001.4
23/10/2023 15:00,0,0,0,13.9,0,12.7,11.6,13.6,85,1000.9
23/10/2023 16:00,0,0,0,14,0,12.7,11.5,13.6,84,1000.4
23/10/2023 17:00,0,0,0,14.1,0,12.5,11.1,13.2,81,1000.1
23/10/2023 18:00,0,0,0,14,0,12.3,10.8,12.9,80,1000
23/10/2023 19:00,0,2.8,0,10.9,0,10.3,9.7,12.1,92,1000.5
23/10/2023 20:00,0,1.4,0,10.9,0,10.5,10.1,12.4,94,1000.5
23/10/2023 21:00,0,0.6,0,11,0,10.7,10.4,12.6,96,1000.2
23/10/2023 22:00,0,0.6,0,11.2,0,10.9,10.5,12.7,96,1000
23/10/2023 23:00,0,0.8,0,10.9,0,10.5,10.1,12.4,94,999.5
24/10/2023 00:00,0,1.4,0,10.8,0,10.3,9.8,12.1,93,999
24/10/2023 01:00,0,0,0,11.2,0,10.7,10.3,12.5,94,998.5
24/10/2023 02:00,0,0,0,11.3,0,10.5,9.7,12,90,998.3
24/10/2023 03:00,0,0,0,10.9,0,10.2,9.4,11.8,90,998
24/10/2023 04:00,0,0,0,11,0,10.1,9.3,11.7,89,997.5
24/10/2023 05:00,0,0,0,11.4,0,10.1,8.8,11.4,84,997.2
24/10/2023 06:00,0,0,0,10.4,0,9.5,8.6,11.1,88,997.2
24/10/2023 07:00,0,0,0,9.8,0,9.2,8.6,11.1,92,997.4
24/10/2023 08:00,0,0.7,0,10.1,0,9.5,8.8,11.4,92,997.5
24/10/2023 09:00,0,2.6,0,11.3,0,10.6,10,12.2,91,997.4
24/10/2023 10:00,0,0.6,0,12.6,0,10.9,9.3,11.7,80,997.4
24/10/2023 11:00,0,0.1,0,13,0,11.2,9.5,11.8,79,997.7
24/10/2023 12:00,0,0,0,11.9,0,10.5,9.1,11.6,83,997.6
24/10/2023 13:00,0,0.4,0,11.1,0,10.2,9.3,11.7,89,997.8
24/10/2023 14:00,0,0.5,0,12.5,0,11,9.5,11.9,82,997.6
24/10/2023 15:00,0,0.5,0,11.8,0,10.9,10,12.3,89,997.5
24/10/2023 16:00,0,0,0,10.9,0,10.4,9.8,12.1,92,997.6
24/10/2023 17:00,0,0,0,10.2,0,9.8,9.3,11.7,93,997.8
24/10/2023 18:00,0,0,0,9.2,0,8.9,8.5,11.1,95,998.3
24/10/2023 19:00,0,0,0,8.3,0,8.1,7.7,10.5,96,998.8
24/10/2023 20:00,0,0,0,7.6,0,7.4,7.1,10.1,96,999.1
24/10/2023 21:00,0,0,0,7.4,0,7.2,7,10,97,999.2
24/10/2023 22:00,0,0,0,6.8,0,6.7,6.5,9.7,98,999.2
24/10/2023 23:00,0,0,0,6.9,0,6.8,6.6,9.8,97,999.1
25/10/2023 00:00,0,0.1,0,6.5,0,6.4,6.2,9.5,97,999
25/10/2023 01:00,0,0,0,5.6,0,5.5,5.3,8.9,98,999
25/10/2023 02:00,0,0,0,6.8,0,6.7,6.6,9.8,98,999.4
25/10/2023 03:00,0,0.6,0,7.5,0,7.4,7.3,10.2,98,998.8
25/10/2023 04:00,0,0.2,0,7.9,0,7.8,7.7,10.5,98,998.5
25/10/2023 05:00,0,0.1,0,6.8,0,6.6,6.4,9.6,97,997.7
25/10/2023 06:00,0,0,0,5.4,0,5.3,5.1,8.8,98,997.5
25/10/2023 07:00,0,0,0,4.7,0,4.6,4.4,8.4,97,997.9
25/10/2023 08:00,0,0,0,5.1,0,5.1,5,8.7,98,998
25/10/2023 09:00,0,0,0,7,0,6.9,6.8,9.9,99,998.1
25/10/2023 10:00,0,0,0,10.5,0,10.4,10.3,12.5,98,997.7
25/10/2023 11:00,0,0,0,13,0,11.4,9.8,12.1,80,997.2
25/10/2023 12:00,0,0,0,13,0,10.9,8.9,11.4,76,996.5
25/10/2023 13:00,0,0,0,13.1,0,10.8,8.5,11.1,73,996
25/10/2023 14:00,0,0,0,12.4,0,10.4,8.4,11,76,995.5
25/10/2023 15:00,0,0,0,12.4,0,10.2,8,10.7,74,994.7
25/10/2023 16:00,0,0,0,11.8,0,10.2,8.5,11.1,80,994.5
25/10/2023 17:00,0,0,0,11.7,0,10.5,9.3,11.7,85,993.9
25/10/2023 18:00,0,0,0,11.2,0,10.1,9,11.5,86,993.5
25/10/2023 19:00,0,0,0,11.3,0,10,8.7,11.3,84,992.8
25/10/2023 20:00,0,0,0,11.4,0,10.1,8.7,11.3,83,992.5
25/10/2023 21:00,0,1,0,10.8,0,10,9.2,11.6,89,992
25/10/2023 22:00,0,0.3,0,10.9,0,10.2,9.6,11.9,91,991.1
25/10/2023 23:00,0,0.5,0,10.9,0,10.1,9.3,11.7,89,990.3
26/10/2023 00:00,0,0,0,11.3,0,10.4,9.4,11.8,88,989.8
26/10/2023 01:00,0,0,0,10.7,0,10,9.2,11.7,90,989.3
26/10/2023 02:00,0,0,0,10.4,0,9.8,9.2,11.6,92,988.9
26/10/2023 03:00,0,0,0,9.3,0,8.8,8.4,11,94,988.2
26/10/2023 04:00,0,0,0,8,0,7.6,7.2,10.2,95,987.8
26/10/2023 05:00,0,0,0,7.5,0,7.3,7,10,96,987.4
26/10/2023 06:00,0,0,0,7.8,0,7.7,7.5,10.4,98,987.2
26/10/2023 07:00,0,0.2,0,8.2,0,8.1,8,10.7,98,986.8
26/10/2023 08:00,0,0,0,8.3,0,8.2,8,10.7,98,986.7
26/10/2023 09:00,0,0,0,9.5,0,9.3,9.1,11.6,97,986.8
26/10/2023 10:00,0,0,0,11.3,0,11,10.7,12.9,96,986.6
26/10/2023 11:00,0,0,0,12.6,0,11.7,10.9,13.1,89,986.4
26/10/2023 12:00,0,0,0,13.2,0,12,10.8,13,85,985.7
26/10/2023 13:00,0,0,0,15.9,0,12.3,9,11.5,63,985.3
26/10/2023 14:00,0,0,0,14.5,0,12.1,9.8,12.1,73,985
26/10/2023 15:00,0,0,0,13.9,0,11.5,9.2,11.6,73,984.8
26/10/2023 16:00,0,0.1,0,12.9,0,11.8,10.8,13,87,984.7
26/10/2023 17:00,0,0,0,12.2,0,11.2,10.3,12.5,88,984.8
26/10/2023 18:00,0,0,0,11.5,0,10.8,10.2,12.4,92,984.9
26/10/2023 19:00,0,0,0,10.9,0,10.5,10.1,12.4,94,985.1
26/10/2023 20:00,0,0,0,10.3,0,9.9,9.5,11.9,95,985.1
26/10/2023 21:00,0,0,0,9.6,0,9.3,9,11.4,95,985.4
26/10/2023 22:00,0,0,0,8.4,0,8.1,7.7,10.5,95,985.5
26/10/2023 23:00,0,0,0,7.1,0,6.8,6.5,9.7,96,985.6
27/10/2023 00:00,0,0,0,6.9,0,6.7,6.4,9.6,96,985.8
27/10/2023 01:00,0,0,0,7.8,0,7.6,7.4,10.3,97,985.6
27/10/2023 02:00,0,0.1,0,6.7,0,6.5,6.2,9.5,97,985.7
27/10/2023 03:00,0,0,0,5.8,0,5.7,5.4,9,97,985.3
27/10/2023 04:00,0,0,0,5.3,0,5.1,5,8.7,97,985.1
27/10/2023 05:00,0,0,0,5.2,0,5,4.8,8.6,97,985.1
27/10/2023 06:00,0,0,0,5.7,0,5.6,5.5,9,98,985.1
27/10/2023 07:00,0,0,0,6,0,6,5.9,9.3,99,985
27/10/2023 08:00,0,0,0,7.1,0,7,6.8,9.9,98,985.4
27/10/2023 09:00,0,0,0,8.4,0,8.3,8.2,10.9,99,985.4
27/10/2023 10:00,0,0,0,10.7,0,10.6,10.4,12.6,98,985.4
27/10/2023 11:00,0,0,0,12.7,0,11.5,10.4,12.6,85,985.2
27/10/2023 12:00,0,0,0,13.6,0,11.6,9.8,12.1,77,985
27/10/2023 13:00,0,0,0,13.3,0,11.5,9.8,12.2,79,984.7
27/10/2023 14:00,0,0,0,14.1,0,11.6,9.3,11.7,72,984.5
27/10/2023 15:00,0,0,0,13.4,0,11.5,9.7,12,77,984.3
27/10/2023 16:00,0,0,0,12.6,0,11.1,9.7,12,82,984
27/10/2023 17:00,0,0,0,11.4,0,10.3,9.2,11.7,86,984
27/10/2023 18:00,0,0,0,11.1,0,10.3,9.5,11.9,89,983.9
27/10/2023 19:00,0,0,0,11.5,0,10.2,9,11.5,84,983.3
27/10/2023 20:00,0,0,0,11.1,0,10.2,9.4,11.8,88,983.2
27/10/2023 21:00,0,0.3,0,11.1,0,10.4,9.6,11.9,90,983.1
27/10/2023 22:00,0,0.6,0,10.7,0,10.1,9.5,11.9,92,983
27/10/2023 23:00,0,0,0,11,0,10.5,10,12.2,93,982.5
28/10/2023 00:00,0,0,0,10.8,0,10.3,9.8,12.1,93,982.5
28/10/2023 01:00,0,0,0,9.2,0,8.7,8.2,10.9,94,982.1
28/10/2023 02:00,0,0,0,8.4,0,8.1,7.8,10.6,96,982
28/10/2023 03:00,0,0,0,9.1,0,8.8,8.6,11.1,96,981.7
28/10/2023 04:00,0,0,0,9,0,8.7,8.4,11.1,96,981.4
28/10/2023 05:00,0,0,0,8.7,0,8.5,8.2,10.9,96,981.5
28/10/2023 06:00,0,0,0,8.8,0,8.5,8.2,10.9,95,981.7
28/10/2023 07:00,0,0,0,9.5,0,9,8.5,11.1,94,981.9
28/10/2023 08:00,0,0.1,0,9.6,0,9.2,8.9,11.4,95,982
28/10/2023 09:00,0,0,0,12,0,10.5,9,11.5,82,981.9
28/10/2023 10:00,0,0,0,12.6,0,10.8,9,11.5,79,982.3
28/10/2023 11:00,0,0,0,13.5,0,11.3,9.2,11.6,75,982.2
28/10/2023 12:00,0,0,0,14.8,0,11.9,9.1,11.6,68,981.7
28/10/2023 13:00,0,0,0,14.8,0,12.4,10.3,12.5,74,981.6
28/10/2023 14:00,0,0,0,13.9,0,11.6,9.3,11.7,74,981.1
28/10/2023 15:00,0,0.4,0,11.9,0,10.9,10,12.2,87,980.8
28/10/2023 16:00,0,0,0,12.4,0,11,9.7,12,83,980.4
28/10/2023 17:00,0,0.1,0,11.1,0,10.3,9.5,11.9,89,980
28/10/2023 18:00,0,0,0,11.3,0,10.2,9.3,11.7,87,979.5
28/10/2023 19:00,0,3.8,0,10.6,0,9.9,9.2,11.7,91,979.4
28/10/2023 20:00,0,0.2,0,11.2,0,10.5,9.8,12.2,91,978.7
28/10/2023 21:00,0,0,0,11.2,0,10.4,9.7,12,90,978.2
28/10/2023 22:00,0,0.4,0,11.4,0,10.6,9.8,12.1,90,977.7
28/10/2023 23:00,0,0.2,0,11.6,0,10.8,10.1,12.4,90,977.4
29/10/2023 00:00,0,0.1,0,11.3,0,10.6,10,12.3,92,977.3
29/10/2023 01:00,0,0.5,0,10,0,9.4,8.7,11.3,92,977.6
29/10/2023 02:00,0,0.6,0,9.2,0,8.6,8,10.7,92,978.1
29/10/2023 03:00,0,0.4,0,8.6,0,8,7.4,10.3,92,978.2
29/10/2023 04:00,0,0.1,0,6.8,0,6.3,5.6,9.1,92,978.2
29/10/2023 05:00,0,0,0,5.6,0,5.3,4.8,8.6,94,979.2
29/10/2023 06:00,0,0,0,5.3,0,5.2,4.9,8.7,97,979
29/10/2023 07:00,0,0,0,4.6,0,4.4,4.1,8.2,96,979.3
29/10/2023 08:00,0,0,0,4.8,0,4.7,4.4,8.4,97,979.7
29/10/2023 09:00,0,0.1,0,6.8,0,6.8,6.6,9.8,98,979.9
29/10/2023 10:00,0,0.3,0,8.3,0,8.2,8,10.8,98,979.8
29/10/2023 11:00,0,0,0,11.6,0,10.9,10.2,12.5,91,979.4
29/10/2023 12:00,0,0.6,0,10.6,0,10.1,9.5,11.9,92,979.4
29/10/2023 13:00,0,0.6,0,11.5,0,10.9,10.3,12.5,92,979.2
29/10/2023 14:00,0,0.2,0,12.4,0,11.6,10.9,13,90,979
29/10/2023 15:00,0,0,0,12.5,0,11.3,10.2,12.5,86,979.1
29/10/2023 16:00,0,0,0,12,0,10.7,9.4,11.8,84,980.2
29/10/2023 17:00,0,0,0,10.7,0,9.8,8.8,11.4,88,981.3
29/10/2023 18:00,0,0,0,8.5,0,8.1,7.6,10.4,94,982.3
29/10/2023 19:00,0,0,0,7.3,0,6.9,6.5,9.7,94,983.4
29/10/2023 20:00,0,0,0,6.8,0,6.7,6.5,9.7,97,984.3
29/10/2023 21:00,0,0,0,6.2,0,6,5.8,9.2,97,985
29/10/2023 22:00,0,0,0,6.2,0,6.1,5.9,9.3,97,985.5
29/10/2023 23:00,0,0,0,6.1,0,6,5.8,9.2,97,986.1
30/10/2023 00:00,0,0,0,6.2,0,6,5.8,9.2,97,986.8
30/10/2023 01:00,0,0,0,6,0,5.9,5.8,9.2,98,987
30/10/2023 02:00,0,0,0,4.9,0,4.7,4.5,8.5,97,987.5
30/10/2023 03:00,0,0,0,5.5,0,5.4,5.3,8.9,98,987.7
30/10/2023 04:00,0,0,0,4.3,0,4.1,3.9,8.1,97,987.9
30/10/2023 05:00,0,0,0,3.5,0,3.4,3.2,7.7,97,988.3
30/10/2023 06:00,0,0,0,3,0,2.9,2.7,7.4,97,988.8
30/10/2023 07:00,0,0,0,3.1,0,3,2.8,7.5,97,989.1
30/10/2023 08:00,0,0,0,3.1,0,3,2.8,7.5,98,989.9
30/10/2023 09:00,0,0,0,4.3,0,4.3,4.2,8.3,99,990.5
30/10/2023 10:00,0,0,0,9.9,0,9.9,9.8,12.1,99,990.6
30/10/2023 11:00,0,0,0,10.3,0,10.1,9.8,12.1,97,990.9
30/10/2023 12:00,0,0,0,10.7,0,10.5,10.3,12.6,98,991.2
30/10/2023 13:00,0,1.3,0,11.5,0,11.2,11,13.1,96,990.9
30/10/2023 14:00,0,0,0,12.1,0,11.6,11.2,13.3,93,990.9
30/10/2023 15:00,0,0,0,12.3,0,11.5,10.9,13,91,991
30/10/2023 16:00,0,0.1,0,12,0,11.3,10.7,12.8,91,991.1
30/10/2023 17:00,0,0.3,0,11.2,0,10.6,10.1,12.3,92,991.5
30/10/2023 18:00,0,0.7,0,10.6,0,10.3,10,12.2,95,992.1
30/10/2023 19:00,0,0.1,0,10.3,0,10,9.6,12,95,992.3
30/10/2023 20:00,0,0.1,0,10.1,0,9.9,9.6,12,96,992.4
30/10/2023 21:00,0,0.4,0,9.7,0,9.5,9.3,11.7,97,992.7
30/10/2023 22:00,0,0,0,9.3,0,9.1,8.9,11.4,97,993
30/10/2023 23:00,0,0,0,8.6,0,8.4,8.1,10.8,96,993.1
31/10/2023 00:00,0,0,0,7.2,0,7,6.9,9.9,98,993.5
31/10/2023 01:00,0,0,0,7.9,0,7.8,7.7,10.5,98,993.7
31/10/2023 02:00,0,0,0,8.4,0,8.3,8.1,10.8,98,993.9
31/10/2023 03:00,0,0,0,8.7,0,8.6,8.4,11,98,994.1
31/10/2023 04:00,0,0,0,8.9,0,8.8,8.6,11.2,98,994.3
31/10/2023 05:00,0,0,0,9.4,0,9.3,9.1,11.6,98,994.8
31/10/2023 06:00,0,0.1,0,9.3,0,9.1,9,11.5,97,995.2
31/10/2023 07:00,0,0,0,9.2,0,9,8.8,11.3,97,995.8
31/10/2023 08:00,0,0,0,8.8,0,8.6,8.3,11,97,996.5
31/10/2023 09:00,0,0,0,9,0,8.7,8.4,11,95,997.1
31/10/2023 10:00,0,0,0,10,0,9.2,8.5,11.1,90,997.3
31/10/2023 11:00,0,0,0,11.3,0,9.4,7.3,10.2,76,997.8
31/10/2023 12:00,0,0,0,12.4,0,10.2,7.9,10.7,74,997.7
31/10/2023 13:00,0,0,0,12.7,0,10,7.1,10.1,68,997.4
31/10/2023 14:00,0,0,0,12.2,0,10.1,7.9,10.7,74,997.2
31/10/2023 15:00,0,0,0,11.9,0,10.2,8.6,11.1,79,997
31/10/2023 16:00,0,0,0,11,0,9.8,8.6,11.2,85,996.6
31/10/2023 17:00,0,0,0,10.1,0,9.4,8.6,11.2,90,996.3
31/10/2023 18:00,0,0,0,10.7,0,9.7,8.7,11.3,87,995.8
31/10/2023 19:00,0,0,0,11,0,10,9,11.5,87,995
31/10/2023 20:00,0,0.5,0,11.4,0,10.7,10.1,12.4,91,994.1
31/10/2023 21:00,0,1.4,0,11.3,0,10.9,10.4,12.6,94,992.9
31/10/2023 22:00,0,0.5,0,11.3,0,10.5,9.8,12.1,90,991.6
31/10/2023 23:00,0,0.1,0,11.3,0,10.9,10.4,12.6,94,990.3
