Monthly Volume Report NRA 000000001508 2023-10-01 to 2023-10-31,,,,,,,,,,,,,,,,,,,,,,,,,,,,,,,,,,
Site Name,TMU M50 015.0 S,,,,,,,,,,,,,,,,,,,,,,,,,,,,,,,,,
Site ID,1508,,,,,,,,,,,,,,,,,,,,,,,,,,,,,,,,,
Grid,3.08164E+11,,,,,,,,,,,,,,,,,,,,,,,,,,,,,,,,,
Description,"M50 Between Jn06 N03/M50 and Jn07 N04/M50, Castleknock, Co. Dublin",,,,,,,,,,,,,,,,,,,,,,,,,,,,,,,,,
,,,,,,,,,,,,,,,,,,,,,,,,,,,,,,,,,,
Lanes,Each Lane,,,,,,,,,,,,,,,,,,,,,,,,,,,,,,,,,
Time Period,1 hour,,,,,,,,,,,,,,,,,,,,,,,,,,,,,,,,,
Class,Any,,,,,,,,,,,,,,,,,,,,,,,,,,,,,,,,,
Exclude data:,None,,,,,,,,,,,,,,,,,,,,,,,,,,,,,,,,,
,,,,,,,,,,,,,,,,,,,,,,,,,,,,,,,,,,
All directions,,,,,,,,,,,,,,,,,,,,,,,,,,,,,,,,,,
,Sun,Mon,Tue,Wed,Thu,Fri,Sat,Sun,Mon,Tue,Wed,Thu,Fri,Sat,Sun,Mon,Tue,Wed,Thu,Fri,Sat,Sun,Mon,Tue,Wed,Thu,Fri,Sat,Sun,Mon,Tue,Average,,Total
,01/10/2023,02/10/2023,03/10/2023,04/10/2023,05/10/2023,06/10/2023,07/10/2023,08/10/2023,09/10/2023,10/10/2023,11/10/2023,12/10/2023,13/10/2023,14/10/2023,15/10/2023,16/10/2023,17/10/2023,18/10/2023,19/10/2023,20/10/2023,21/10/2023,22/10/2023,23/10/2023,24/10/2023,25/10/2023,26/10/2023,27/10/2023,28/10/2023,29/10/2023,30/10/2023,31/10/2023,Workday,7 Day,Count
00:00:00,1621,1273,1454,1197,1373,1475,1741,1585,1503,1337,1163,1351,1481,1795,1560,1396,1380,1257,1341,1472,1779,1720,1369,1382,1224,1374,1673,1995,1583,1644,1363,1386,1478,45861
01:00:00,1473,781,896,917,921,1012,1207,1233,934,964,894,863,929,1153,1132,853,882,834,983,1133,1071,1268,803,874,921,971,1086,1334,2005,1106,707,921,1035,32140
02:00:00,928,693,663,691,657,861,898,809,727,667,668,744,688,978,780,747,642,658,769,767,1026,832,680,626,702,888,796,934,523,703,602,711,752,23347
03:00:00,867,857,795,840,812,994,984,682,845,814,802,834,972,1226,743,862,740,835,822,962,1036,693,878,785,845,932,1109,1117,804,954,936,874,883,27377
04:00:00,1109,1647,1590,1558,1716,1878,1475,1158,1646,1566,1470,1600,1878,1581,1111,1686,1500,1496,1541,1735,1330,1054,1637,1539,1624,1713,1946,1533,1180,1372,1678,1637,1535,47547
05:00:00,1283,3052,2939,3057,3157,3236,2025,1293,3149,3037,2950,3042,3177,1965,1191,3220,3053,2934,2994,3054,1908,1257,3185,2993,3045,3194,3222,2004,1224,1698,3070,3021,2607,80608
06:00:00,1850,9275,9162,9253,8657,8972,3368,1789,9155,9443,9022,9280,8754,3213,1799,9325,9538,9102,9115,8876,3063,1796,9086,9383,9249,9269,8729,2910,1881,2403,9048,8823,6990,215765
07:00:00,2488,11923,12209,12012,11381,11512,4736,2790,11735,11028,11122,11825,11464,4672,2452,11855,11672,10646,11705,11534,4538,2529,11148,11561,10632,11657,11863,4286,2852,3029,11908,11156,8963,276764
08:00:00,3477,11740,12030,11995,11584,11151,6239,3946,11517,10921,11057,11875,10969,6133,3512,11501,11947,11426,10877,10975,5952,3315,11795,11221,10092,11967,10557,5844,4356,3416,11597,11010,9222,284984
09:00:00,6038,10738,10936,11519,8553,10259,8337,6352,10794,11551,10823,11434,10275,8497,5890,10308,11267,11320,10366,9872,7990,5381,10334,11169,11385,11423,9818,7908,6986,5149,10296,10436,9466,292968
10:00:00,7381,9461,10144,9935,10544,9908,9358,8077,9417,9724,10232,9824,9770,9489,7672,9119,10054,10235,10442,9891,8902,7190,9754,10355,11070,10411,9851,9575,9094,7281,9812,9874,9489,293972
11:00:00,8826,9459,9525,9687,10225,10548,11136,9005,9517,9816,9797,9643,10487,9896,9553,9213,9503,9441,10183,10162,10348,8844,9369,10038,10049,10193,10011,11135,10187,8574,10175,9801,9824,304545
12:00:00,10618,9679,9605,9954,10486,11649,11637,11061,9731,9813,10161,10227,11477,11131,10634,9440,9758,10073,10277,10236,11006,10686,9503,9927,10013,10775,10913,10902,10817,9861,10526,10186,10402,322576
13:00:00,9705,9789,10147,10344,10796,12446,11931,11925,10041,10067,10506,10741,12476,12137,11812,9889,10228,10460,10693,10248,11347,11185,10138,10307,10789,10976,10101,11622,10830,10361,11308,10584,10814,335345
14:00:00,8930,10163,10296,10709,10736,12556,11268,10817,9922,10209,10622,10966,12078,11389,11060,10107,10464,10727,10973,10019,10944,10950,10137,8664,11065,11686,10197,11327,10943,9914,11343,10616,10682,331181
15:00:00,10603,11887,12049,12225,12191,12508,10187,10370,11745,12096,12127,12473,12044,10231,10349,11713,12121,12313,8913,10408,9964,10394,11764,11690,12571,12020,11573,10381,9866,9939,12289,11757,11330,351004
16:00:00,9765,12487,12434,11196,11801,11769,9852,9989,12488,12640,12620,12660,11876,9946,10244,9902,12786,11731,10750,10657,9611,9902,11579,12101,12611,12368,11326,9466,8886,9621,12517,11815,11222,347581
17:00:00,9726,11601,12105,11430,11795,10490,9197,9739,11950,12053,11490,11960,10777,8968,9874,11955,11248,9929,11270,9827,9193,9770,11351,11524,12056,11806,10925,8998,8391,8882,11230,11257,10703,331510
18:00:00,9151,9530,10204,11483,10643,9590,8226,9417,8960,10201,10560,10758,9745,8287,9525,10801,9983,9424,10541,8823,8479,9649,9741,10748,10762,10024,9262,8311,7643,7598,8550,9906,9574,296619
19:00:00,7643,6411,6968,6745,7546,7770,6211,7924,6541,6964,7605,8117,7958,5952,7353,6571,7139,8275,9135,7175,6443,7588,6386,7607,8195,8344,8026,6442,5565,6339,5411,7329,7175,222349
20:00:00,5864,4603,4677,5017,5144,5358,3703,6241,4672,4764,4908,5332,5380,3442,5314,4584,4464,4816,5499,5106,4230,5479,4561,4869,4988,5729,5888,4144,4176,4506,4209,4958,4894,151667
21:00:00,3792,3241,3459,3775,3965,3755,2673,3972,3443,3579,3808,4081,4019,2298,3466,3485,3410,3653,3979,3628,3109,3668,3364,3572,4034,4324,4220,2856,3030,3163,3045,3682,3546,109866
22:00:00,2565,2110,2537,2650,2918,3035,2802,2446,2342,2614,2778,2923,3187,2721,2658,2281,2506,2566,2873,2857,2945,2747,2312,2746,2747,3273,3357,2451,2720,2347,2347,2696,2689,83361
23:00:00,1963,1786,1734,1780,1904,2392,2384,2055,1774,1721,1916,2118,2717,2138,2190,1760,1863,1777,2228,2284,2450,1997,1595,1949,1855,2280,2541,2159,2037,1725,1816,1978,2028,62888
,,,,,,,,,,,,,,,,,,,,,,,,,,,,,,,,,,
Jul-19,96708,128457,131684,132489,130735,134386,112104,103488,127817,130119,131117,134386,133438,110776,102577,125803,131031,127725,126990,122652,108274,99795,126613,129305,133095,135306,126397,109755,100851,93625,131551,128396,121690,3769049
Jun-22,115857,151987,155950,157279,156047,160241,128059,123414,151628,154869,156460,161196,159549,125681,120509,149768,155582,153571,154718,147437,125119,118326,150010,154736,159561,162972,153260,126107,115503,110036,153264,153187,144295,4468696
Jun-24,120385,155883,160221,161709,160869,165668,133245,127915,155744,159204,161154,166237,165453,130540,125357,153809,159951,157914,159819,152578,130514,123070,153917,159431,164163,168525,159158,130717,120260,114108,157427,157861,149012,4614945
00-24,127666,164186,168558,169969,169505,175124,141575,134675,164548,167589,169101,174671,174578,139238,131874,162573,168148,165928,168269,161701,138664,129894,162469,167630,172524,177597,168990,139634,127579,121585,165783,166410,157303,4871825
,,,,,,,,,,,,,,,,,,,,,,,,,,,,,,,,,,
am Peak,11:00:00,07:00:00,07:00:00,07:00:00,08:00:00,07:00:00,11:00:00,11:00:00,07:00:00,09:00:00,07:00:00,08:00:00,07:00:00,11:00:00,11:00:00,07:00:00,08:00:00,08:00:00,07:00:00,07:00:00,11:00:00,11:00:00,08:00:00,07:00:00,09:00:00,08:00:00,07:00:00,11:00:00,11:00:00,11:00:00,07:00:00,07:00:00,11:00:00,
Peak Volume,8826,11923,12209,12012,11584,11512,11136,9005,11735,11551,11122,11875,11464,9896,9553,11855,11947,11426,11705,11534,10348,8844,11795,11561,11385,11967,11863,11135,10187,8574,11908,11156,9824,
pm Peak,12:00:00,16:00:00,16:00:00,15:00:00,15:00:00,14:00:00,13:00:00,13:00:00,16:00:00,16:00:00,16:00:00,16:00:00,13:00:00,13:00:00,13:00:00,17:00:00,16:00:00,15:00:00,17:00:00,16:00:00,13:00:00,13:00:00,15:00:00,16:00:00,16:00:00,16:00:00,15:00:00,13:00:00,14:00:00,13:00:00,16:00:00,16:00:00,15:00:00,
Peak Volume,10618,12487,12434,12225,12191,12556,11931,11925,12488,12640,12620,12660,12476,12137,11812,11955,12786,12313,11270,10657,11347,11185,11764,12101,12611,12368,11573,11622,10943,10361,12517,11815,11330,
,,,,,,,,,,,,,,,,,,,,,,,,,,,,,,,,,,
All Southbound,,,,,,,,,,,,,,,,,,,,,,,,,,,,,,,,,,
,Sun,Mon,Tue,Wed,Thu,Fri,Sat,Sun,Mon,Tue,Wed,Thu,Fri,Sat,Sun,Mon,Tue,Wed,Thu,Fri,Sat,Sun,Mon,Tue,Wed,Thu,Fri,Sat,Sun,Mon,Tue,Average,,Total
,01/10/2023,02/10/2023,03/10/2023,04/10/2023,05/10/2023,06/10/2023,07/10/2023,08/10/2023,09/10/2023,10/10/2023,11/10/2023,12/10/2023,13/10/2023,14/10/2023,15/10/2023,16/10/2023,17/10/2023,18/10/2023,19/10/2023,20/10/2023,21/10/2023,22/10/2023,23/10/2023,24/10/2023,25/10/2023,26/10/2023,27/10/2023,28/10/2023,29/10/2023,30/10/2023,31/10/2023,Workday,7 Day,Count
00:00:00,895,812,951,705,826,881,1035,887,985,829,680,828,923,1082,942,913,901,812,772,841,1142,995,913,870,702,791,1020,1192,921,1037,964,862,904,28047
01:00:00,897,515,621,632,628,662,741,725,635,700,595,563,612,704,667,572,600,551,686,771,600,776,532,609,596,663,724,878,1229,669,418,616,669,20771
02:00:00,505,410,395,383,396,526,527,468,452,376,375,434,368,537,428,466,390,373,439,426,594,474,392,364,434,544,438,531,204,320,311,410,428,13280
03:00:00,355,311,295,308,289,342,333,214,295,342,307,319,330,543,262,327,268,321,302,328,410,260,328,305,326,320,379,382,232,307,275,315,320,9915
04:00:00,333,629,579,547,591,644,538,346,603,551,533,540,661,572,317,615,591,556,534,624,497,325,570,581,585,603,676,522,396,421,648,586,540,16728
05:00:00,527,1507,1368,1438,1468,1479,866,544,1536,1443,1379,1461,1453,797,478,1565,1435,1375,1363,1399,733,509,1627,1407,1427,1517,1481,791,499,709,1546,1426,1201,37127
06:00:00,828,5406,5280,5447,4845,5217,1755,815,5401,5495,5130,5428,4944,1638,809,5459,5563,5227,5234,5144,1556,797,5364,5438,5336,5336,4985,1416,850,1161,5244,5095,3971,122548
07:00:00,1097,6013,6003,5979,5648,5635,2326,1270,5831,5004,5510,5844,5835,2303,1096,5977,5642,4857,5852,5762,2167,1071,5842,5574,4700,5777,5979,2005,1243,1506,6034,5491,4385,135382
08:00:00,1710,5858,5968,5966,5726,5673,3140,2093,5506,4904,5354,5864,5435,2995,1642,5541,5894,5548,5297,5281,2863,1578,5966,5509,4374,6029,5066,2826,2050,1660,5884,5377,4504,139200
09:00:00,3050,5373,5375,5720,4460,4963,4226,3117,5530,5945,5543,5643,5059,4396,2820,5265,5581,5687,5148,5012,3886,2595,4834,5565,5629,5765,4964,3973,3621,2534,4993,5209,4726,146272
10:00:00,3549,4582,5083,4785,5262,4765,4573,4028,4663,4577,5287,4816,4790,4719,3886,4511,5049,5079,5286,4821,4474,3504,4949,5276,5777,4910,4903,4759,4761,3484,4759,4882,4702,145667
11:00:00,4312,4626,4683,4892,5145,5252,5699,4494,4790,5028,4790,4776,5193,5494,4704,4610,4782,4642,4851,5204,5273,4361,4717,4930,5065,5063,4632,5634,5321,4320,5088,4867,4914,152371
12:00:00,5322,4841,4778,4948,5140,5825,5803,5576,4871,4878,4969,5015,5711,5500,5266,4815,4810,5039,5167,5255,5503,5403,4687,4842,4857,5494,5047,6151,5262,4835,5370,5054,5191,160980
13:00:00,4516,4776,4993,5089,5476,6138,5867,6002,4926,4966,5231,5264,6238,6154,5807,4934,5008,5143,5265,5383,5598,5423,5053,5093,5395,5433,4422,5908,5324,5076,5547,5220,5335,165448
14:00:00,3959,5058,5115,5255,5205,6215,5630,5289,4866,5004,5178,5302,5963,5601,5399,4978,5168,5306,5320,5313,5453,5281,4982,3404,5375,5697,4342,5655,5116,4846,5627,5160,5190,160902
15:00:00,5247,5829,6008,5942,6074,6322,5223,4961,5741,6080,6114,6249,6083,5053,5056,5826,5981,6230,5710,5336,5116,5287,5796,5850,6287,6338,5589,5502,4763,5068,6135,5936,5707,176796
16:00:00,4954,6272,6360,4973,5688,5749,5038,4995,6332,6379,6293,6494,5890,4989,5198,3986,6471,5993,5663,5364,4913,5143,5787,5965,6511,6327,5517,4883,4459,4745,6557,5878,5614,173888
17:00:00,4917,5699,5726,5679,5578,5034,4693,5003,5661,5881,6098,5963,4958,4503,5057,6187,5338,4503,5691,4688,4729,5010,5474,5396,5932,5822,5105,4519,4165,4472,5380,5467,5257,162861
18:00:00,4537,4414,4861,5588,5008,4541,4167,4757,4287,4621,4747,4873,4439,4180,4899,5291,4596,4124,5154,4063,4306,5105,4625,5066,4902,4382,4624,4192,3875,3719,3709,4620,4570,141652
19:00:00,3818,3168,3211,2896,3646,3858,3052,4041,3181,3360,3666,3757,3872,2975,3696,3266,3150,4054,3769,3431,3322,3843,3120,3763,3644,3454,3986,3310,2889,3208,2535,3454,3450,106941
20:00:00,2960,2458,2439,2657,2649,2841,1929,3081,2517,2357,2554,2717,2846,1765,2670,2519,2284,2464,2766,2635,2197,2715,2467,2433,2525,3040,2869,2216,2172,2360,2192,2572,2526,78294
21:00:00,1898,1791,1872,2055,2130,1967,1475,1983,1885,1929,2014,2221,2154,1187,1744,1986,1880,1920,2057,1972,1699,1862,1889,1920,2107,2315,2189,1546,1490,1644,1665,1980,1887,58446
22:00:00,1349,1050,1356,1406,1588,1606,1515,1385,1267,1377,1473,1539,1634,1471,1409,1202,1293,1391,1563,1490,1614,1412,1246,1418,1540,1769,1639,1366,1582,1342,1224,1428,1436,44516
23:00:00,1277,1054,941,1065,1079,1404,1333,1216,1067,998,1056,1225,1652,1197,1470,1061,1164,1028,1395,1301,1396,1232,842,1171,1032,1328,1380,1190,1192,1009,1071,1151,1187,36826
,,,,,,,,,,,,,,,,,,,,,,,,,,,,,,,,,,
Jul-19,47170,63341,64953,64816,64410,66112,56385,51585,63004,63267,65114,66103,65594,55887,50830,61921,64320,62151,64404,61482,54281,49761,62712,62470,64804,67037,60190,56007,49960,46265,65083,63162,60095,1861419
Jun-22,56674,76164,77755,77871,77680,79995,64596,61505,75988,76408,78478,80226,79410,63452,59749,75151,77197,75816,78230,74664,63055,58978,75552,76024,78416,81182,74219,64495,57361,54638,76719,76263,71930,2227648
Jun-24,59300,78268,80052,80342,80347,83005,67444,64106,78322,78783,81007,82990,82696,66120,62628,77414,79654,78235,81188,77455,66065,61622,77640,78613,80988,84279,77238,67051,60135,56989,79014,78842,74553,2308990
00-24,62812,82452,84261,84355,84545,87539,71484,67290,82828,83024,84876,87135,87043,70355,65722,81872,83839,82223,85284,81844,70041,64961,82002,82749,85058,88717,81956,71347,63616,60452,83176,83056,78615,2434858
,,,,,,,,,,,,,,,,,,,,,,,,,,,,,,,,,,
am Peak,11:00:00,07:00:00,07:00:00,07:00:00,08:00:00,08:00:00,11:00:00,11:00:00,07:00:00,09:00:00,09:00:00,08:00:00,07:00:00,11:00:00,11:00:00,07:00:00,08:00:00,09:00:00,07:00:00,07:00:00,11:00:00,11:00:00,08:00:00,07:00:00,10:00:00,08:00:00,07:00:00,11:00:00,11:00:00,11:00:00,07:00:00,07:00:00,11:00:00,
Peak Volume,4312,6013,6003,5979,5726,5673,5699,4494,5831,5945,5543,5864,5835,5494,4704,5977,5894,5687,5852,5762,5273,4361,5966,5574,5777,6029,5979,5634,5321,4320,6034,5491,4914,
pm Peak,12:00:00,16:00:00,16:00:00,15:00:00,15:00:00,15:00:00,13:00:00,13:00:00,16:00:00,16:00:00,16:00:00,16:00:00,13:00:00,13:00:00,13:00:00,17:00:00,16:00:00,15:00:00,15:00:00,13:00:00,13:00:00,13:00:00,15:00:00,16:00:00,16:00:00,15:00:00,15:00:00,12:00:00,13:00:00,13:00:00,16:00:00,15:00:00,15:00:00,
Peak Volume,5322,6272,6360,5942,6074,6322,5867,6002,6332,6379,6293,6494,6238,6154,5807,6187,6471,6230,5710,5383,5598,5423,5796,5965,6511,6338,5589,6151,5324,5076,6557,5936,5707,
,,,,,,,,,,,,,,,,,,,,,,,,,,,,,,,,,,
All Northbound,,,,,,,,,,,,,,,,,,,,,,,,,,,,,,,,,,
,Sun,Mon,Tue,Wed,Thu,Fri,Sat,Sun,Mon,Tue,Wed,Thu,Fri,Sat,Sun,Mon,Tue,Wed,Thu,Fri,Sat,Sun,Mon,Tue,Wed,Thu,Fri,Sat,Sun,Mon,Tue,Average,,Total
,01/10/2023,02/10/2023,03/10/2023,04/10/2023,05/10/2023,06/10/2023,07/10/2023,08/10/2023,09/10/2023,10/10/2023,11/10/2023,12/10/2023,13/10/2023,14/10/2023,15/10/2023,16/10/2023,17/10/2023,18/10/2023,19/10/2023,20/10/2023,21/10/2023,22/10/2023,23/10/2023,24/10/2023,25/10/2023,26/10/2023,27/10/2023,28/10/2023,29/10/2023,30/10/2023,31/10/2023,Workday,7 Day,Count
00:00:00,726,461,503,492,547,594,706,698,518,508,483,523,558,713,618,483,479,445,569,631,637,725,456,512,522,583,653,803,662,607,399,524,574,17814
01:00:00,576,266,275,285,293,350,466,508,299,264,299,300,317,449,465,281,282,283,297,362,471,492,271,265,325,308,362,456,776,437,289,305,366,11369
02:00:00,423,283,268,308,261,335,371,341,275,291,293,310,320,441,352,281,252,285,330,341,432,358,288,262,268,344,358,403,319,383,291,301,324,10067
03:00:00,512,546,500,532,523,652,651,468,550,472,495,515,642,683,481,535,472,514,520,634,626,433,550,480,519,612,730,735,572,647,661,559,563,17462
04:00:00,776,1018,1011,1011,1125,1234,937,812,1043,1015,937,1060,1217,1009,794,1071,909,940,1007,1111,833,729,1067,958,1039,1110,1270,1011,784,951,1030,1052,995,30819
05:00:00,756,1545,1571,1619,1689,1757,1159,749,1613,1594,1571,1581,1724,1168,713,1655,1618,1559,1631,1655,1175,748,1558,1586,1618,1677,1741,1213,725,989,1524,1594,1406,43481
06:00:00,1022,3869,3882,3806,3812,3755,1613,974,3754,3948,3892,3852,3810,1575,990,3866,3975,3875,3881,3732,1507,999,3722,3945,3913,3933,3744,1494,1031,1242,3804,3728,3018,93217
07:00:00,1391,5910,6206,6033,5733,5877,2410,1520,5904,6024,5612,5981,5629,2369,1356,5878,6030,5789,5853,5772,2371,1458,5306,5987,5932,5880,5884,2281,1609,1523,5874,5664,4578,141382
08:00:00,1767,5882,6062,6029,5858,5478,3099,1853,6011,6017,5703,6011,5534,3138,1870,5960,6053,5878,5580,5694,3089,1737,5829,5712,5718,5938,5491,3018,2306,1756,5713,5632,4717,145784
09:00:00,2988,5365,5561,5799,4093,5296,4111,3235,5264,5606,5280,5791,5216,4101,3070,5043,5686,5633,5218,4860,4104,2786,5500,5604,5756,5658,4854,3935,3365,2615,5303,5227,4740,146696
10:00:00,3832,4879,5061,5150,5282,5143,4785,4049,4754,5147,4945,5008,4980,4770,3786,4608,5005,5156,5156,5070,4428,3686,4805,5079,5293,5501,4948,4816,4333,3797,5053,4992,4787,148305
11:00:00,4514,4833,4842,4795,5080,5296,5437,4511,4727,4788,5007,4867,5294,4402,4849,4603,4721,4799,5332,4958,5075,4483,4652,5108,4984,5130,5379,5501,4866,4254,5087,4933,4909,152174
12:00:00,5296,4838,4827,5006,5346,5824,5834,5485,4860,4935,5192,5212,5766,5631,5368,4625,4948,5034,5110,4981,5503,5283,4816,5085,5156,5281,5866,4751,5555,5026,5156,5131,5211,161596
13:00:00,5189,5013,5154,5255,5320,6308,6064,5923,5115,5101,5275,5477,6238,5983,6005,4955,5220,5317,5428,4865,5749,5762,5085,5214,5394,5543,5679,5714,5506,5285,5761,5364,5479,169897
14:00:00,4971,5105,5181,5454,5531,6341,5638,5528,5056,5205,5444,5664,6115,5788,5661,5129,5296,5421,5653,4706,5491,5669,5155,5260,5690,5989,5855,5672,5827,5068,5716,5456,5492,170279
15:00:00,5356,6058,6041,6283,6117,6186,4964,5409,6004,6016,6013,6224,5961,5178,5293,5887,6140,6083,3203,5072,4848,5107,5968,5840,6284,5682,5984,4879,5103,4871,6154,5821,5623,174208
16:00:00,4811,6215,6074,6223,6113,6020,4814,4994,6156,6261,6327,6166,5986,4957,5046,5916,6315,5738,5087,5293,4698,4759,5792,6136,6100,6041,5809,4583,4427,4876,5960,5937,5608,173693
17:00:00,4809,5902,6379,5751,6217,5456,4504,4736,6289,6172,5392,5997,5819,4465,4817,5768,5910,5426,5579,5139,4464,4760,5877,6128,6124,5984,5820,4479,4226,4410,5850,5790,5446,168649
18:00:00,4614,5116,5343,5895,5635,5049,4059,4660,4673,5580,5813,5885,5306,4107,4626,5510,5387,5300,5387,4760,4173,4544,5116,5682,5860,5642,4638,4119,3768,3879,4841,5286,5003,154967
19:00:00,3825,3243,3757,3849,3900,3912,3159,3883,3360,3604,3939,4360,4086,2977,3657,3305,3989,4221,5366,3744,3121,3745,3266,3844,4551,4890,4040,3132,2676,3131,2876,3874,3725,115408
20:00:00,2904,2145,2238,2360,2495,2517,1774,3160,2155,2407,2354,2615,2534,1677,2644,2065,2180,2352,2733,2471,2033,2764,2094,2436,2463,2689,3019,1928,2004,2146,2017,2386,2367,73373
21:00:00,1894,1450,1587,1720,1835,1788,1198,1989,1558,1650,1794,1860,1865,1111,1722,1499,1530,1733,1922,1656,1410,1806,1475,1652,1927,2009,2031,1310,1540,1519,1380,1702,1659,51420
22:00:00,1216,1060,1181,1244,1330,1429,1287,1061,1075,1237,1305,1384,1553,1250,1249,1079,1213,1175,1310,1367,1331,1335,1066,1328,1207,1504,1718,1085,1138,1005,1123,1268,1253,38845
23:00:00,686,732,793,715,825,988,1051,839,707,723,860,893,1065,941,720,699,699,749,833,983,1054,765,753,778,823,952,1161,969,845,716,745,827,840,26062
,,,,,,,,,,,,,,,,,,,,,,,,,,,,,,,,,,
Jul-19,49538,65116,66731,67673,66325,68274,55719,51903,64813,66852,66003,68283,67844,54889,51747,63882,66711,65574,62586,61170,53993,50034,63901,66835,68291,68269,66207,53748,50891,47360,66468,65235,61595,1907630
Jun-22,59183,75823,78195,79408,78367,80246,63463,61909,75640,78461,77982,80970,80139,62229,60760,74617,78385,77755,76488,72773,62064,59348,74458,78712,81145,81790,79041,61612,58142,55398,76545,76924,72365,2241048
Jun-24,61085,77615,80169,81367,80522,82663,65801,63809,77422,80421,80147,83247,82757,64420,62729,76395,80297,79679,78631,75123,64449,61448,76277,80818,83175,84246,81920,63666,60125,57119,78413,79019,74459,2305955
00-24,64854,81734,84297,85614,84960,87585,70091,67385,81720,84565,84225,87536,87535,68883,66152,80701,84309,83705,82985,79857,68623,64933,80467,84881,87466,88880,87034,68287,63963,61133,82607,83354,78687,2436967
,,,,,,,,,,,,,,,,,,,,,,,,,,,,,,,,,,
am Peak,11:00:00,07:00:00,07:00:00,07:00:00,08:00:00,07:00:00,11:00:00,11:00:00,08:00:00,07:00:00,08:00:00,08:00:00,07:00:00,10:00:00,11:00:00,08:00:00,08:00:00,08:00:00,07:00:00,07:00:00,11:00:00,11:00:00,08:00:00,07:00:00,07:00:00,08:00:00,07:00:00,11:00:00,11:00:00,11:00:00,07:00:00,07:00:00,11:00:00,
Peak Volume,4514,5910,6206,6033,5858,5877,5437,4511,6011,6024,5703,6011,5629,4770,4849,5960,6053,5878,5853,5772,5075,4483,5829,5987,5932,5938,5884,5501,4866,4254,5874,5664,4909,
pm Peak,15:00:00,16:00:00,17:00:00,15:00:00,17:00:00,14:00:00,13:00:00,13:00:00,17:00:00,16:00:00,16:00:00,15:00:00,13:00:00,13:00:00,13:00:00,16:00:00,16:00:00,15:00:00,14:00:00,16:00:00,13:00:00,13:00:00,15:00:00,16:00:00,15:00:00,16:00:00,15:00:00,13:00:00,14:00:00,13:00:00,15:00:00,16:00:00,15:00:00,
Peak Volume,5356,6215,6379,6283,6217,6341,6064,5923,6289,6261,6327,6224,6238,5983,6005,5916,6315,6083,5653,5293,5749,5762,5968,6136,6284,6041,5984,5714,5827,5285,6154,5937,5623,
,,,,,,,,,,,,,,,,,,,,,,,,,,,,,,,,,,
Southbound 1,,,,,,,,,,,,,,,,,,,,,,,,,,,,,,,,,,
,Sun,Mon,Tue,Wed,Thu,Fri,Sat,Sun,Mon,Tue,Wed,Thu,Fri,Sat,Sun,Mon,Tue,Wed,Thu,Fri,Sat,Sun,Mon,Tue,Wed,Thu,Fri,Sat,Sun,Mon,Tue,Average,,Total
,01/10/2023,02/10/2023,03/10/2023,04/10/2023,05/10/2023,06/10/2023,07/10/2023,08/10/2023,09/10/2023,10/10/2023,11/10/2023,12/10/2023,13/10/2023,14/10/2023,15/10/2023,16/10/2023,17/10/2023,18/10/2023,19/10/2023,20/10/2023,21/10/2023,22/10/2023,23/10/2023,24/10/2023,25/10/2023,26/10/2023,27/10/2023,28/10/2023,29/10/2023,30/10/2023,31/10/2023,Workday,7 Day,Count
00:00:00,126,110,120,96,113,110,141,162,105,115,104,117,116,175,132,115,109,107,111,136,135,148,140,152,109,114,158,194,150,148,119,119,128,3987
01:00:00,139,71,76,72,85,106,109,115,65,103,99,74,90,98,89,70,84,93,102,103,84,120,77,103,99,91,88,148,160,79,62,86,95,2954
02:00:00,82,44,66,65,75,82,75,71,68,61,66,58,71,97,66,65,57,59,75,83,73,81,53,84,78,72,70,82,24,60,61,67,68,2124
03:00:00,47,52,55,58,66,73,72,37,54,72,50,52,63,71,33,55,66,61,53,60,71,43,56,74,47,62,68,71,24,62,60,60,58,1788
04:00:00,48,90,96,99,84,115,82,51,91,75,109,115,102,99,52,89,100,84,92,92,76,49,67,128,104,103,115,83,46,82,86,96,87,2704
05:00:00,73,219,241,252,253,258,119,81,232,242,248,232,270,128,76,242,228,247,250,255,115,75,247,244,246,245,229,142,75,127,262,240,199,6153
06:00:00,128,1056,1104,1103,995,1086,312,127,1152,1155,1106,1137,1083,270,126,1144,1176,1133,1162,1147,270,146,1121,1158,1165,1142,1041,256,157,212,1157,1079,828,25527
07:00:00,176,1427,1447,1429,1367,1300,391,208,1399,1238,1296,1411,1377,375,168,1398,1433,1216,1454,1358,365,188,1360,1235,937,1351,1330,346,236,239,1444,1293,1001,30899
08:00:00,240,1305,1348,1360,1318,1238,472,295,1198,1296,1195,1330,1302,459,212,1257,1347,1297,1246,1127,460,210,1266,1241,922,1369,1035,446,335,261,1285,1206,961,29672
09:00:00,477,1012,1164,1313,1133,921,684,436,1183,1342,1315,1100,968,729,370,1042,1226,1328,1230,986,616,342,896,1255,1330,1327,952,624,597,397,930,1107,945,29225
10:00:00,565,863,1028,897,1168,885,790,621,881,1047,1192,844,888,834,600,835,974,1053,1121,923,798,554,934,1153,1244,914,911,767,799,544,868,962,888,27495
11:00:00,729,796,937,926,1037,974,967,700,872,927,931,861,945,1024,758,861,865,843,914,1072,867,670,832,922,975,940,819,992,926,720,929,904,888,27531
12:00:00,878,881,874,891,960,1113,976,933,886,869,953,932,1075,1038,854,871,855,987,1012,1123,1006,874,871,885,730,1016,933,1108,956,843,957,933,940,29140
13:00:00,834,899,925,924,1008,1215,1033,1081,900,904,1085,966,1224,1149,956,915,903,971,966,1215,965,939,985,1016,911,1037,891,971,1036,923,1034,992,993,30781
14:00:00,924,933,964,1034,995,1174,973,945,939,961,1039,1017,1014,1015,979,916,1023,1020,1109,1257,933,935,961,829,1030,1086,900,1023,977,881,1053,1006,995,30839
15:00:00,925,1125,1212,1207,1238,1288,873,883,1101,1189,1213,1255,1264,912,897,1140,1150,1215,1048,1227,907,964,1135,1306,1218,1238,1185,1057,893,879,1219,1184,1110,34363
16:00:00,896,1234,1398,604,1184,1148,837,836,1249,1325,1392,1192,1276,912,877,827,1250,1265,1242,1212,912,960,1218,1155,1320,1381,1087,829,812,909,1390,1194,1102,34129
17:00:00,847,1157,1259,1185,1248,1019,817,885,1210,1220,1314,1136,1020,815,839,1354,1047,734,1287,765,801,1038,973,899,1029,1083,850,806,817,899,1141,1083,1017,31494
18:00:00,820,828,984,1033,892,883,725,810,860,941,986,942,873,717,943,1117,812,975,1121,893,826,919,953,1110,993,776,877,811,699,707,772,924,891,27598
19:00:00,656,595,606,677,724,739,550,690,594,647,742,755,760,554,624,624,675,952,849,747,598,658,625,772,731,701,745,663,548,589,470,696,673,20860
20:00:00,496,461,467,549,525,511,341,495,470,443,515,519,511,328,456,479,448,505,596,546,372,508,477,466,485,600,537,402,366,407,444,498,475,14725
21:00:00,314,299,323,364,363,341,238,296,330,317,344,387,359,192,250,330,328,371,409,370,287,275,335,345,384,419,327,268,253,272,320,347,323,10010
22:00:00,192,175,220,231,249,243,242,205,198,216,241,249,252,274,189,194,186,264,210,218,268,223,198,243,273,298,281,245,292,257,198,232,233,7224
23:00:00,165,131,141,163,144,200,204,172,140,127,151,189,241,174,191,132,178,164,120,183,211,170,128,161,159,202,210,185,186,137,169,162,169,5228
,,,,,,,,,,,,,,,,,,,,,,,,,,,,,,,,,,
Jul-19,8311,12460,13540,12803,13548,13158,9538,8633,12678,13259,13911,12986,13226,9979,8453,12533,12885,12904,13750,13158,9456,8593,12384,13006,12639,13518,11770,9780,9083,8202,13022,12788,11732,363166
Jun-22,9905,14871,16040,15496,16155,15835,10979,10241,15224,15821,16618,15784,15939,11323,9909,15110,15512,15865,16766,15968,10983,10180,14942,15747,15404,16380,14420,11369,10407,9682,15413,15409,14032,434288
Jun-24,10262,15177,16401,15890,16548,16278,11425,10618,15562,16164,17010,16222,16432,11771,10289,15436,15876,16293,17096,16369,11462,10573,15268,16151,15836,16880,14911,11799,10885,10076,15780,15803,14433,446740
00-24,10777,15763,17055,16532,17224,17022,12023,11135,16177,16832,17686,16870,17144,12439,10737,16072,16520,16944,17779,17098,12016,11089,15908,16936,16519,17567,15639,12519,11364,10634,16430,16470,15069,466450
,,,,,,,,,,,,,,,,,,,,,,,,,,,,,,,,,,
am Peak,11:00:00,07:00:00,07:00:00,07:00:00,07:00:00,07:00:00,11:00:00,11:00:00,07:00:00,09:00:00,09:00:00,07:00:00,07:00:00,11:00:00,11:00:00,07:00:00,07:00:00,09:00:00,07:00:00,07:00:00,11:00:00,11:00:00,07:00:00,09:00:00,09:00:00,08:00:00,07:00:00,11:00:00,11:00:00,11:00:00,07:00:00,07:00:00,07:00:00,
Peak Volume,729,1427,1447,1429,1367,1300,967,700,1399,1342,1315,1411,1377,1024,758,1398,1433,1328,1454,1358,867,670,1360,1255,1330,1369,1330,992,926,720,1444,1293,1001,
pm Peak,15:00:00,16:00:00,16:00:00,15:00:00,17:00:00,15:00:00,13:00:00,13:00:00,16:00:00,16:00:00,16:00:00,15:00:00,16:00:00,13:00:00,14:00:00,17:00:00,16:00:00,16:00:00,17:00:00,14:00:00,12:00:00,17:00:00,16:00:00,15:00:00,16:00:00,16:00:00,15:00:00,12:00:00,13:00:00,13:00:00,16:00:00,16:00:00,15:00:00,
Peak Volume,925,1234,1398,1207,1248,1288,1033,1081,1249,1325,1392,1255,1276,1149,979,1354,1250,1265,1287,1257,1006,1038,1218,1306,1320,1381,1185,1108,1036,923,1390,1194,1110,
,,,,,,,,,,,,,,,,,,,,,,,,,,,,,,,,,,
Southbound 2,,,,,,,,,,,,,,,,,,,,,,,,,,,,,,,,,,
,Sun,Mon,Tue,Wed,Thu,Fri,Sat,Sun,Mon,Tue,Wed,Thu,Fri,Sat,Sun,Mon,Tue,Wed,Thu,Fri,Sat,Sun,Mon,Tue,Wed,Thu,Fri,Sat,Sun,Mon,Tue,Average,,Total
,01/10/2023,02/10/2023,03/10/2023,04/10/2023,05/10/2023,06/10/2023,07/10/2023,08/10/2023,09/10/2023,10/10/2023,11/10/2023,12/10/2023,13/10/2023,14/10/2023,15/10/2023,16/10/2023,17/10/2023,18/10/2023,19/10/2023,20/10/2023,21/10/2023,22/10/2023,23/10/2023,24/10/2023,25/10/2023,26/10/2023,27/10/2023,28/10/2023,29/10/2023,30/10/2023,31/10/2023,Workday,7 Day,Count
00:00:00,274,282,310,279,309,319,371,310,343,309,273,286,340,338,347,296,296,289,290,312,420,362,324,462,272,309,349,390,310,362,350,316,325,10083
01:00:00,297,212,259,265,242,251,262,290,216,244,236,243,240,282,264,224,235,234,277,310,257,285,189,340,230,257,301,321,462,291,171,248,264,8187
02:00:00,200,180,179,173,175,224,198,184,179,170,167,203,178,213,166,191,182,177,183,190,231,192,178,214,207,207,196,210,92,147,145,184,185,5731
03:00:00,151,147,142,164,137,169,135,104,142,165,146,175,156,242,114,145,123,146,162,173,183,112,159,195,162,148,180,165,117,139,124,154,152,4722
04:00:00,154,236,236,219,244,253,219,153,241,236,223,205,259,225,125,235,258,247,232,275,209,142,253,298,208,250,266,208,182,149,264,240,223,6904
05:00:00,204,429,430,447,439,434,322,197,463,462,406,435,423,281,208,452,446,425,420,428,273,179,466,435,434,459,459,292,199,259,431,431,376,11637
06:00:00,313,1111,1118,1149,967,1078,489,276,1106,1152,1087,1137,1020,462,283,1102,1124,1043,1042,1076,459,278,1135,1097,1129,1083,1031,414,266,360,1067,1055,857,26454
07:00:00,351,1371,1349,1389,1219,1281,620,390,1326,1145,1300,1368,1290,589,364,1365,1302,1107,1245,1285,586,350,1297,1324,1143,1299,1298,526,377,460,1330,1250,1024,31646
08:00:00,519,1305,1354,1363,1245,1240,802,618,1275,1161,1219,1326,1140,782,541,1286,1286,1289,1229,1130,726,513,1317,1278,1110,1317,1136,743,614,520,1256,1217,1056,32640
09:00:00,806,1240,1222,1270,1062,1161,1036,805,1233,1335,1183,1290,1171,1079,778,1194,1233,1252,1156,1146,989,756,1131,1208,1247,1335,1177,1027,933,743,1190,1190,1111,34388
10:00:00,947,1129,1153,1162,1196,1166,1123,986,1126,1056,1186,1208,1210,1129,1018,1110,1186,1177,1189,1197,1101,898,1192,1204,1255,1165,1187,1216,1256,891,1191,1161,1136,35210
11:00:00,1065,1181,1136,1183,1257,1260,1334,1123,1234,1204,1170,1188,1257,1310,1179,1185,1204,1158,1165,1235,1259,1077,1202,1210,1280,1237,1079,1345,1329,1086,1240,1198,1205,37372
12:00:00,1271,1209,1187,1190,1186,1332,1368,1309,1197,1159,1224,1209,1322,1325,1299,1179,1185,1234,1210,1227,1263,1320,1155,1204,1207,1302,1123,1443,1261,1228,1311,1217,1246,38639
13:00:00,1096,1152,1161,1252,1286,1296,1359,1361,1202,1176,1212,1267,1371,1404,1347,1145,1202,1231,1277,1216,1331,1261,1192,1209,1213,1248,1089,1378,1243,1189,1318,1223,1247,38684
14:00:00,970,1201,1211,1195,1195,1350,1311,1265,1141,1170,1188,1189,1325,1269,1300,1172,1171,1281,1202,1186,1322,1250,1182,759,1263,1320,1058,1339,1205,1175,1291,1192,1208,37456
15:00:00,1195,1267,1298,1290,1345,1386,1255,1202,1275,1318,1333,1356,1356,1196,1259,1278,1309,1401,1309,1214,1246,1249,1255,1282,1347,1415,1235,1293,1176,1231,1340,1311,1288,39911
16:00:00,1205,1309,1349,1087,1335,1249,1210,1187,1399,1349,1319,1430,1292,1194,1248,849,1410,1286,1332,1240,1173,1226,1241,1362,1410,1367,1299,1191,1144,1126,1382,1292,1265,39200
17:00:00,1192,1153,1217,1234,1347,1095,1122,1196,1159,1233,1261,1304,1108,1102,1275,1280,1104,1107,1249,1130,1207,1210,1263,1276,1314,1302,1120,1115,1011,1102,1176,1206,1193,36964
18:00:00,1099,963,1060,1261,1144,989,1013,1101,962,1008,1070,1045,1035,1032,1110,1120,1050,1002,1153,969,1026,1170,970,1112,1074,983,1072,994,968,931,860,1038,1043,32346
19:00:00,916,817,814,694,841,907,793,948,757,803,861,877,939,748,913,779,741,959,855,862,843,931,814,896,853,820,939,868,762,837,669,833,840,26056
20:00:00,748,647,592,667,662,713,526,762,654,606,648,708,733,507,690,657,602,681,708,703,608,712,661,650,654,723,736,628,632,651,623,667,661,20492
21:00:00,547,507,542,553,587,553,445,571,521,544,562,602,596,384,512,533,538,600,578,577,485,503,538,556,612,600,610,471,479,515,478,559,539,16699
22:00:00,407,381,422,433,424,491,476,407,422,421,443,466,500,457,422,374,409,441,491,479,472,431,370,450,434,477,496,425,473,444,393,439,440,13631
23:00:00,400,341,320,338,356,421,392,368,339,321,338,370,470,411,451,365,366,336,471,414,435,383,328,382,353,394,409,380,373,375,363,371,379,11763
,,,,,,,,,,,,,,,,,,,,,,,,,,,,,,,,,,
Jul-19,11716,14480,14697,14876,14817,14805,13553,12543,14529,14314,14665,15180,14877,13411,12718,14163,14642,14525,14716,14175,13229,12280,14397,14428,14863,15290,13873,13610,12517,11682,14885,14494,14022,434456
Jun-22,14240,17562,17763,17939,17874,18056,15806,15100,17567,17419,17823,18504,18165,15512,15116,17234,17647,17808,17899,17393,15624,14704,17545,17627,18111,18516,17189,15991,14656,14045,17722,17609,16919,524157
Jun-24,15047,18284,18505,18710,18654,18968,16674,15875,18328,18161,18604,19340,19135,16380,15989,17973,18422,18585,18861,18286,16531,15518,18243,18459,18898,19387,18094,16796,15502,14864,18478,18420,17738,549551
00-24,16327,19770,20061,20257,20200,20618,18181,17113,19912,19747,20055,20887,20731,17961,17213,19516,19962,20103,20425,19974,18104,16790,19812,20403,20411,21017,19845,18382,16864,16211,19963,19995,19264,596815
,,,,,,,,,,,,,,,,,,,,,,,,,,,,,,,,,,
am Peak,11:00:00,07:00:00,08:00:00,07:00:00,11:00:00,07:00:00,11:00:00,11:00:00,07:00:00,09:00:00,07:00:00,07:00:00,07:00:00,11:00:00,11:00:00,07:00:00,07:00:00,08:00:00,07:00:00,07:00:00,11:00:00,11:00:00,08:00:00,07:00:00,11:00:00,09:00:00,07:00:00,11:00:00,11:00:00,11:00:00,07:00:00,07:00:00,11:00:00,
Peak Volume,1065,1371,1354,1389,1257,1281,1334,1123,1326,1335,1300,1368,1290,1310,1179,1365,1302,1289,1245,1285,1259,1077,1317,1324,1280,1335,1298,1345,1329,1086,1330,1250,1205,
pm Peak,12:00:00,16:00:00,16:00:00,15:00:00,17:00:00,15:00:00,12:00:00,13:00:00,16:00:00,16:00:00,15:00:00,16:00:00,13:00:00,13:00:00,13:00:00,17:00:00,16:00:00,15:00:00,16:00:00,16:00:00,13:00:00,12:00:00,17:00:00,16:00:00,16:00:00,15:00:00,16:00:00,12:00:00,12:00:00,15:00:00,16:00:00,15:00:00,15:00:00,
Peak Volume,1271,1309,1349,1290,1347,1386,1368,1361,1399,1349,1333,1430,1371,1404,1347,1280,1410,1401,1332,1240,1331,1320,1263,1362,1410,1415,1299,1443,1261,1231,1382,1311,1288,
,,,,,,,,,,,,,,,,,,,,,,,,,,,,,,,,,,
Southbound 3,,,,,,,,,,,,,,,,,,,,,,,,,,,,,,,,,,
,Sun,Mon,Tue,Wed,Thu,Fri,Sat,Sun,Mon,Tue,Wed,Thu,Fri,Sat,Sun,Mon,Tue,Wed,Thu,Fri,Sat,Sun,Mon,Tue,Wed,Thu,Fri,Sat,Sun,Mon,Tue,Average,,Total
,01/10/2023,02/10/2023,03/10/2023,04/10/2023,05/10/2023,06/10/2023,07/10/2023,08/10/2023,09/10/2023,10/10/2023,11/10/2023,12/10/2023,13/10/2023,14/10/2023,15/10/2023,16/10/2023,17/10/2023,18/10/2023,19/10/2023,20/10/2023,21/10/2023,22/10/2023,23/10/2023,24/10/2023,25/10/2023,26/10/2023,27/10/2023,28/10/2023,29/10/2023,30/10/2023,31/10/2023,Workday,7 Day,Count
00:00:00,371,311,375,262,310,350,403,323,395,303,247,326,367,414,353,375,379,321,292,300,429,357,340,252,262,274,386,448,347,420,365,328,344,10657
01:00:00,348,199,228,244,244,250,293,259,297,291,219,202,235,261,259,237,228,180,237,296,194,283,213,166,220,258,261,319,480,238,154,232,251,7793
02:00:00,187,159,134,126,124,187,206,172,171,119,122,143,106,186,163,186,133,121,156,133,250,173,135,66,132,218,157,205,82,93,91,137,149,4636
03:00:00,140,101,84,75,79,84,113,68,91,86,94,76,100,189,99,109,73,97,79,81,132,92,95,34,105,94,115,132,85,96,79,88,96,2977
04:00:00,114,245,206,185,211,232,199,124,222,204,156,181,234,213,126,231,188,182,173,207,186,121,194,139,230,205,242,193,149,164,240,203,190,5896
05:00:00,203,539,490,507,508,525,315,224,526,476,473,541,486,295,167,562,498,467,455,478,274,213,575,472,474,531,528,287,194,260,530,496,423,13073
06:00:00,307,1467,1400,1403,1317,1376,600,332,1411,1436,1346,1404,1286,569,306,1501,1492,1381,1378,1349,552,297,1421,1440,1376,1403,1328,505,336,395,1413,1351,1086,33527
07:00:00,423,1481,1503,1485,1397,1421,783,466,1468,1236,1398,1453,1425,793,432,1499,1367,1155,1412,1429,733,391,1464,1444,1236,1435,1534,689,460,540,1502,1377,1147,35454
08:00:00,635,1483,1482,1507,1435,1452,1065,781,1397,1164,1336,1472,1364,1014,636,1387,1453,1365,1272,1379,964,630,1529,1376,1105,1488,1384,922,756,601,1506,1361,1207,37340
09:00:00,1042,1517,1363,1453,1095,1437,1320,1096,1452,1481,1377,1514,1406,1332,1007,1375,1420,1400,1277,1342,1239,956,1383,1368,1362,1412,1418,1240,1147,889,1423,1371,1309,40543
10:00:00,1163,1366,1403,1387,1243,1367,1371,1309,1372,1132,1304,1401,1358,1418,1250,1386,1438,1364,1376,1340,1337,1176,1397,1326,1466,1381,1375,1427,1361,1160,1373,1351,1340,41527
11:00:00,1369,1354,1343,1444,1362,1470,1643,1369,1352,1456,1324,1407,1512,1539,1425,1326,1359,1371,1373,1346,1524,1397,1393,1385,1405,1402,1342,1607,1449,1358,1463,1388,1415,43869
12:00:00,1540,1392,1367,1414,1468,1577,1597,1609,1373,1453,1329,1420,1535,1505,1558,1405,1441,1427,1434,1294,1550,1554,1370,1392,1401,1512,1375,1670,1455,1354,1538,1421,1461,45309
13:00:00,1282,1363,1459,1438,1504,1654,1635,1636,1395,1419,1381,1490,1638,1665,1599,1393,1437,1426,1419,1316,1552,1551,1398,1372,1440,1540,1147,1622,1398,1437,1555,1437,1469,45561
14:00:00,1011,1437,1420,1469,1447,1685,1605,1534,1365,1420,1404,1478,1614,1552,1507,1374,1452,1465,1430,1305,1586,1516,1385,845,1469,1536,1112,1573,1416,1387,1541,1411,1430,44340
15:00:00,1554,1599,1540,1538,1570,1634,1498,1468,1529,1605,1602,1624,1557,1477,1467,1566,1586,1605,1535,1284,1502,1496,1532,1413,1674,1638,1406,1480,1370,1446,1601,1549,1529,47396
16:00:00,1454,1650,1627,1447,1505,1532,1489,1497,1635,1645,1602,1714,1470,1467,1549,1071,1653,1535,1422,1307,1400,1478,1498,1543,1661,1617,1434,1393,1313,1313,1688,1526,1504,46609
17:00:00,1500,1545,1473,1483,1487,1329,1378,1465,1504,1543,1558,1586,1382,1335,1497,1556,1401,1230,1411,1272,1398,1338,1473,1508,1633,1536,1420,1307,1221,1221,1354,1450,1431,44344
18:00:00,1340,1297,1330,1504,1419,1316,1297,1404,1229,1284,1276,1326,1269,1235,1408,1390,1264,1002,1332,1093,1252,1413,1241,1323,1313,1222,1272,1228,1134,1065,1032,1264,1274,39510
19:00:00,1193,1011,975,770,1070,1128,954,1200,973,1041,1069,1058,1094,951,1136,989,929,1058,1009,981,1031,1164,917,1033,1062,972,1172,955,913,1006,812,1006,1020,31626
20:00:00,965,803,802,773,861,894,671,989,847,778,802,857,916,615,919,837,756,770,818,804,742,874,811,794,806,946,887,718,730,795,714,821,816,25294
21:00:00,665,666,656,724,730,703,554,703,664,681,710,759,746,453,661,720,663,623,678,659,624,694,666,661,704,770,751,532,535,578,566,685,662,20499
22:00:00,526,364,506,499,615,585,578,526,473,520,532,557,590,524,551,454,456,484,583,551,609,531,477,515,554,622,582,506,563,471,454,520,528,16358
23:00:00,504,416,363,428,430,546,520,492,434,414,413,472,614,450,558,434,431,384,577,510,543,478,313,463,388,525,538,463,463,375,393,448,462,14332
,,,,,,,,,,,,,,,,,,,,,,,,,,,,,,,,,,
Jul-19,14313,17484,17310,17569,16932,17874,16681,15634,17071,16838,16891,17885,17530,16332,15335,16728,17271,16345,16693,15707,16037,14896,17063,16295,17165,17719,16219,16158,14480,13771,17576,16906,16516,511802
Jun-22,17443,21431,21143,21239,20910,21975,19460,18858,20966,20774,20818,21963,21572,18920,18357,20775,21111,20177,20576,19500,18986,17925,20878,20223,21113,21810,20357,18868,16994,16545,21081,20770,20099,622748
Jun-24,18473,22211,22012,22166,21955,23106,20558,19876,21873,21708,21763,22992,22776,19894,19466,21663,21998,21045,21736,20561,20138,18934,21668,21201,22055,22957,21477,19837,18020,17391,21928,21738,21089,653438
00-24,19836,23765,23529,23565,23431,24734,22087,21046,23575,23187,23074,24461,24304,21452,20633,23363,23497,22413,23128,22056,21603,20173,23220,22330,23478,24537,23166,21421,19357,18662,23387,23221,22542,698470
,,,,,,,,,,,,,,,,,,,,,,,,,,,,,,,,,,
am Peak,11:00:00,09:00:00,07:00:00,08:00:00,08:00:00,11:00:00,11:00:00,11:00:00,07:00:00,09:00:00,07:00:00,09:00:00,11:00:00,11:00:00,11:00:00,06:00:00,06:00:00,09:00:00,07:00:00,07:00:00,11:00:00,11:00:00,08:00:00,07:00:00,10:00:00,08:00:00,07:00:00,11:00:00,11:00:00,11:00:00,08:00:00,11:00:00,11:00:00,
Peak Volume,1369,1517,1503,1507,1435,1470,1643,1369,1468,1481,1398,1514,1512,1539,1425,1501,1492,1400,1412,1429,1524,1397,1529,1444,1466,1488,1534,1607,1449,1358,1506,1388,1415,
pm Peak,15:00:00,16:00:00,16:00:00,15:00:00,15:00:00,14:00:00,13:00:00,13:00:00,16:00:00,16:00:00,15:00:00,16:00:00,13:00:00,13:00:00,13:00:00,15:00:00,16:00:00,15:00:00,15:00:00,13:00:00,14:00:00,12:00:00,15:00:00,16:00:00,15:00:00,15:00:00,16:00:00,12:00:00,12:00:00,15:00:00,16:00:00,15:00:00,15:00:00,
Peak Volume,1554,1650,1627,1538,1570,1685,1635,1636,1635,1645,1602,1714,1638,1665,1599,1566,1653,1605,1535,1316,1586,1554,1532,1543,1674,1638,1434,1670,1455,1446,1688,1549,1529,
,,,,,,,,,,,,,,,,,,,,,,,,,,,,,,,,,,
Southbound 4,,,,,,,,,,,,,,,,,,,,,,,,,,,,,,,,,,
,Sun,Mon,Tue,Wed,Thu,Fri,Sat,Sun,Mon,Tue,Wed,Thu,Fri,Sat,Sun,Mon,Tue,Wed,Thu,Fri,Sat,Sun,Mon,Tue,Wed,Thu,Fri,Sat,Sun,Mon,Tue,Average,,Total
,01/10/2023,02/10/2023,03/10/2023,04/10/2023,05/10/2023,06/10/2023,07/10/2023,08/10/2023,09/10/2023,10/10/2023,11/10/2023,12/10/2023,13/10/2023,14/10/2023,15/10/2023,16/10/2023,17/10/2023,18/10/2023,19/10/2023,20/10/2023,21/10/2023,22/10/2023,23/10/2023,24/10/2023,25/10/2023,26/10/2023,27/10/2023,28/10/2023,29/10/2023,30/10/2023,31/10/2023,Workday,7 Day,Count
00:00:00,124,109,146,68,94,102,120,92,142,102,56,99,100,155,110,127,117,95,79,93,158,128,109,4,59,94,127,160,114,107,130,98,107,3320
01:00:00,113,33,58,51,57,55,77,61,57,62,41,44,47,63,55,41,53,44,70,62,65,88,53,0,47,57,74,90,127,61,31,50,59,1837
02:00:00,36,27,16,19,22,33,48,41,34,26,20,30,13,41,33,24,18,16,25,20,40,28,26,0,17,47,15,34,6,20,14,22,25,789
03:00:00,17,11,14,11,7,16,13,5,8,19,17,16,11,41,16,18,6,17,8,14,24,13,18,2,12,16,16,14,6,10,12,13,14,428
04:00:00,17,58,41,44,52,44,38,18,49,36,45,39,66,35,14,60,45,43,37,50,26,13,56,16,43,45,53,38,19,26,58,46,40,1224
05:00:00,47,320,207,232,268,262,110,42,315,263,252,253,274,93,27,309,263,236,238,238,71,42,339,256,273,282,265,70,31,63,323,260,203,6264
06:00:00,80,1772,1658,1792,1566,1677,354,80,1732,1752,1591,1750,1555,337,94,1712,1771,1670,1652,1572,275,76,1687,1743,1666,1708,1585,241,91,194,1607,1610,1201,37040
07:00:00,147,1734,1704,1676,1665,1633,532,206,1638,1385,1516,1612,1743,546,132,1715,1540,1379,1741,1690,483,142,1721,1571,1384,1692,1817,444,170,267,1758,1572,1212,37383
08:00:00,316,1765,1784,1736,1728,1743,801,399,1636,1283,1604,1736,1629,740,253,1611,1808,1597,1550,1645,713,225,1854,1614,1237,1855,1511,715,345,278,1837,1593,1281,39548
09:00:00,725,1604,1626,1684,1170,1444,1186,780,1662,1787,1668,1739,1514,1256,665,1654,1702,1707,1485,1538,1042,541,1424,1734,1690,1691,1417,1082,944,505,1450,1541,1361,42116
10:00:00,874,1224,1499,1339,1655,1347,1289,1112,1284,1342,1605,1363,1334,1338,1018,1180,1451,1485,1600,1361,1238,876,1426,1593,1812,1450,1430,1349,1345,889,1327,1409,1338,41435
11:00:00,1149,1295,1267,1339,1489,1548,1755,1302,1332,1441,1365,1320,1479,1621,1342,1238,1354,1270,1399,1551,1623,1217,1290,1413,1405,1484,1392,1690,1617,1156,1456,1376,1406,43599
12:00:00,1633,1359,1350,1453,1526,1803,1862,1725,1415,1397,1463,1454,1779,1632,1555,1360,1329,1391,1511,1611,1684,1655,1291,1361,1519,1664,1616,1930,1590,1410,1564,1483,1544,47892
13:00:00,1304,1362,1448,1475,1678,1973,1840,1924,1429,1467,1553,1541,2005,1936,1905,1481,1466,1515,1603,1636,1750,1672,1478,1496,1831,1608,1295,1937,1647,1527,1640,1568,1626,50422
14:00:00,1054,1487,1520,1557,1568,2006,1741,1545,1421,1453,1547,1618,2010,1765,1613,1516,1522,1540,1579,1565,1612,1580,1454,971,1613,1755,1272,1720,1518,1403,1742,1551,1557,48267
15:00:00,1573,1838,1958,1907,1921,2014,1597,1408,1836,1968,1966,2014,1906,1468,1433,1842,1936,2009,1818,1611,1461,1578,1874,1849,2048,2047,1763,1672,1324,1512,1975,1891,1780,55126
16:00:00,1399,2079,1986,1835,1664,1820,1502,1475,2049,2060,1980,2158,1852,1416,1524,1239,2158,1907,1667,1605,1428,1479,1830,1905,2120,1962,1697,1470,1190,1397,2097,1867,1742,53950
17:00:00,1378,1844,1777,1777,1496,1591,1376,1457,1788,1885,1965,1937,1448,1251,1446,1997,1786,1432,1744,1521,1323,1424,1765,1713,1956,1901,1715,1291,1116,1250,1709,1727,1617,50059
18:00:00,1278,1326,1487,1790,1553,1353,1132,1442,1236,1388,1415,1560,1262,1196,1438,1664,1470,1145,1548,1108,1202,1603,1461,1521,1522,1401,1403,1159,1074,1016,1045,1394,1362,42198
19:00:00,1053,745,816,755,1011,1084,755,1203,857,869,994,1067,1079,722,1023,874,805,1085,1056,841,850,1090,764,1062,998,961,1130,824,666,776,584,919,916,28399
20:00:00,751,547,578,668,601,723,391,835,546,530,589,633,686,315,605,546,478,508,644,582,475,621,518,523,580,771,709,468,444,507,411,585,574,17783
21:00:00,372,319,351,414,450,370,238,413,370,387,398,473,453,158,321,403,351,326,392,366,303,390,350,358,407,526,501,275,223,279,301,388,363,11238
22:00:00,224,130,208,243,300,287,219,247,174,220,257,267,292,216,247,180,242,202,279,242,265,227,201,210,279,372,280,190,254,170,179,237,236,7303
23:00:00,208,166,117,136,149,237,217,184,154,136,154,194,327,162,270,130,189,144,227,194,207,201,73,165,132,207,223,162,170,122,146,169,177,5503
,,,,,,,,,,,,,,,,,,,,,,,,,,,,,,,,,,
Jul-19,12830,18917,19406,19568,19113,20275,16613,14775,18726,18856,19647,20052,19961,16165,14324,18497,19522,18377,19245,18442,15559,13992,18868,18741,20137,20510,18328,16459,13880,12610,19600,18973,17825,551995
Jun-22,15086,22300,22809,23197,22741,24129,18351,17306,22231,22394,23219,23975,23734,17697,16367,22032,22927,21966,22989,21803,17462,16169,22187,22427,23788,24476,22253,18267,15304,14366,22503,22475,20879,646455
Jun-24,15518,22596,23134,23576,23190,24653,18787,17737,22559,22750,23630,24436,24353,18075,16884,22342,23358,22312,23495,22239,17934,16597,22461,22802,24199,25055,22756,18619,15728,14658,22828,22881,21292,659261
00-24,15872,23154,23616,24001,23690,25165,19193,17996,23164,23258,24061,24917,24864,18503,17139,22921,23860,22763,23952,22716,18318,16909,23062,23080,24650,25596,23306,19025,16031,14945,23396,23370,21740,673123
,,,,,,,,,,,,,,,,,,,,,,,,,,,,,,,,,,
am Peak,11:00:00,06:00:00,08:00:00,06:00:00,08:00:00,08:00:00,11:00:00,11:00:00,06:00:00,09:00:00,09:00:00,06:00:00,07:00:00,11:00:00,11:00:00,07:00:00,08:00:00,09:00:00,07:00:00,07:00:00,11:00:00,11:00:00,08:00:00,06:00:00,10:00:00,08:00:00,07:00:00,11:00:00,11:00:00,11:00:00,08:00:00,06:00:00,11:00:00,
Peak Volume,1149,1772,1784,1792,1728,1743,1755,1302,1732,1787,1668,1750,1743,1621,1342,1715,1808,1707,1741,1690,1623,1217,1854,1743,1812,1855,1817,1690,1617,1156,1837,1610,1406,
pm Peak,12:00:00,16:00:00,16:00:00,15:00:00,15:00:00,15:00:00,12:00:00,13:00:00,16:00:00,16:00:00,16:00:00,16:00:00,14:00:00,13:00:00,13:00:00,17:00:00,16:00:00,15:00:00,15:00:00,13:00:00,13:00:00,13:00:00,15:00:00,16:00:00,16:00:00,15:00:00,15:00:00,13:00:00,13:00:00,13:00:00,16:00:00,15:00:00,15:00:00,
Peak Volume,1633,2079,1986,1907,1921,2014,1862,1924,2049,2060,1980,2158,2010,1936,1905,1997,2158,2009,1818,1636,1750,1672,1874,1905,2120,2047,1763,1937,1647,1527,2097,1891,1780,
,,,,,,,,,,,,,,,,,,,,,,,,,,,,,,,,,,
Northbound 4,,,,,,,,,,,,,,,,,,,,,,,,,,,,,,,,,,
,Sun,Mon,Tue,Wed,Thu,Fri,Sat,Sun,Mon,Tue,Wed,Thu,Fri,Sat,Sun,Mon,Tue,Wed,Thu,Fri,Sat,Sun,Mon,Tue,Wed,Thu,Fri,Sat,Sun,Mon,Tue,Average,,Total
,01/10/2023,02/10/2023,03/10/2023,04/10/2023,05/10/2023,06/10/2023,07/10/2023,08/10/2023,09/10/2023,10/10/2023,11/10/2023,12/10/2023,13/10/2023,14/10/2023,15/10/2023,16/10/2023,17/10/2023,18/10/2023,19/10/2023,20/10/2023,21/10/2023,22/10/2023,23/10/2023,24/10/2023,25/10/2023,26/10/2023,27/10/2023,28/10/2023,29/10/2023,30/10/2023,31/10/2023,Workday,7 Day,Count
00:00:00,48,23,36,23,43,45,62,54,39,29,19,41,39,48,39,31,35,23,37,46,39,54,25,22,34,47,48,59,49,57,23,35,39,1217
01:00:00,40,13,11,6,7,20,18,39,10,8,10,13,12,26,23,13,7,6,12,12,29,27,7,10,11,7,14,31,53,30,12,11,17,537
02:00:00,22,9,3,8,5,12,20,16,6,17,4,11,13,17,22,13,7,6,8,10,19,20,6,10,7,13,14,23,17,16,11,10,12,385
03:00:00,33,38,33,50,26,60,44,27,31,26,26,30,42,57,38,40,31,27,24,52,47,35,36,27,29,44,58,74,40,48,46,37,39,1219
04:00:00,64,123,139,117,155,194,107,70,136,127,95,132,204,113,77,144,96,106,135,147,90,69,153,110,147,157,205,114,84,109,120,139,124,3839
05:00:00,71,268,281,304,337,366,161,75,296,306,280,275,349,155,59,319,305,287,299,318,170,74,298,290,283,329,344,171,73,119,250,296,243,7512
06:00:00,125,1151,1144,1145,1123,1137,276,123,1114,1211,1125,1142,1098,281,101,1150,1213,1172,1138,1101,239,112,1080,1157,1142,1180,1062,243,115,165,1098,1093,832,25663
07:00:00,201,1843,1955,1892,1827,1836,559,209,1870,1915,1748,1931,1721,500,185,1895,1914,1805,1856,1856,488,185,1611,1876,1844,1873,1872,465,248,226,1889,1775,1365,42095
08:00:00,287,1784,1801,1799,1717,1628,726,270,1793,1811,1662,1778,1535,721,292,1810,1842,1769,1650,1692,729,264,1754,1718,1753,1836,1579,684,456,267,1749,1669,1333,41156
09:00:00,642,1512,1629,1716,1097,1533,1071,694,1418,1655,1498,1669,1534,1027,569,1349,1710,1658,1549,1362,1038,500,1671,1664,1711,1711,1250,949,772,467,1482,1493,1297,40107
10:00:00,873,1321,1357,1376,1637,1421,1296,962,1196,1457,1484,1269,1379,1230,780,1171,1379,1491,1542,1436,1185,776,1360,1489,1494,1611,1361,1309,1096,951,1334,1387,1293,40023
11:00:00,1181,1314,1304,1249,1565,1528,1531,1155,1184,1284,1489,1247,1476,1136,1225,1177,1276,1301,1627,1419,1437,1074,1228,1463,1333,1449,1557,1566,1354,1079,1360,1360,1341,41568
12:00:00,1443,1279,1274,1316,1606,1773,1708,1591,1313,1328,1505,1437,1704,1722,1516,1235,1306,1378,1403,1371,1568,1413,1288,1413,1440,1522,1804,1268,1702,1439,1435,1435,1467,45500
13:00:00,1512,1425,1400,1469,1527,1994,1878,1773,1386,1417,1564,1614,2004,1798,1783,1367,1486,1523,1574,1297,1692,1649,1418,1542,1539,1632,1852,1713,1690,1524,1684,1556,1603,49726
14:00:00,1362,1430,1462,1600,1628,2065,1682,1580,1434,1510,1665,1673,1971,1705,1667,1423,1526,1595,1719,1244,1571,1674,1493,1565,1720,1936,1848,1697,1782,1491,1733,1624,1627,50451
15:00:00,1528,1903,1940,1982,2002,1947,1401,1669,1899,1890,1904,2003,1871,1499,1489,1862,1940,1890,943,1372,1294,1516,1921,1868,1982,1862,1890,1360,1513,1428,1951,1830,1728,53519
16:00:00,1313,1889,1640,1908,1868,1842,1305,1426,1874,1900,1924,1903,1855,1368,1400,1629,1944,1742,1585,1520,1239,1313,1678,1851,1888,1882,1763,1257,1205,1357,1802,1784,1650,51070
17:00:00,1298,1769,1867,1548,1813,1583,1210,1336,1846,1773,1573,1769,1733,1140,1321,1710,1751,1567,1537,1477,1178,1331,1646,1860,1827,1761,1736,1243,1170,1149,1687,1681,1557,48209
18:00:00,1243,1445,1525,1715,1635,1514,1051,1349,1292,1613,1708,1766,1553,1033,1294,1639,1563,1511,1593,1263,1085,1318,1476,1636,1761,1696,1346,1107,999,961,1330,1525,1422,44020
19:00:00,1019,751,935,1048,1035,1008,695,1097,805,866,1019,1213,1069,663,959,804,1038,1072,1519,852,703,996,799,985,1260,1460,1099,752,554,746,601,999,950,29422
20:00:00,682,413,402,448,489,546,292,746,369,461,465,558,503,277,599,390,417,400,580,458,338,608,380,463,497,597,711,315,338,397,342,468,467,14481
21:00:00,296,204,228,264,325,318,163,374,219,242,274,306,344,124,275,195,234,258,318,249,162,304,203,238,320,362,378,160,224,230,172,267,257,7963
22:00:00,164,105,150,162,166,211,140,128,126,154,171,176,235,150,157,135,147,146,179,178,187,185,117,180,142,230,308,113,140,93,115,165,161,4990
23:00:00,54,61,92,50,66,108,112,94,49,71,86,91,126,86,72,53,68,58,85,98,130,75,62,62,77,102,150,101,85,53,59,78,82,2536
,,,,,,,,,,,,,,,,,,,,,,,,,,,,,,,,,,
Jul-19,12883,18914,19154,19570,19922,20664,15418,14014,18505,19553,19724,20059,20336,14879,13521,18267,19637,19230,18578,17309,14504,13013,18544,19945,20292,20771,19858,14618,13987,12339,19436,19118,17683,547444
Jun-22,15005,21433,21863,22475,22894,23673,16844,16354,21012,22333,22607,23278,23350,16224,15455,20806,22539,22132,22133,19969,15946,15033,21006,22788,23511,24370,23108,16088,15218,13877,21649,21946,20189,624973
Jun-24,15223,21599,22105,22687,23126,23992,17096,16576,21187,22558,22864,23545,23711,16460,15684,20994,22754,22336,22397,20245,16263,15293,21185,23030,23730,24702,23566,16302,15443,14023,21823,22189,20432,632499
00-24,15501,22073,22608,23195,23699,24689,17508,16857,21705,23071,23298,24047,24370,16876,15942,21554,23235,22791,22912,20830,16657,15572,21710,23499,24241,25299,24249,16774,15759,14402,22285,22716,20907,647208
,,,,,,,,,,,,,,,,,,,,,,,,,,,,,,,,,,
am Peak,11:00:00,07:00:00,07:00:00,07:00:00,07:00:00,07:00:00,11:00:00,11:00:00,07:00:00,07:00:00,07:00:00,07:00:00,07:00:00,10:00:00,11:00:00,07:00:00,07:00:00,07:00:00,07:00:00,07:00:00,11:00:00,11:00:00,08:00:00,07:00:00,07:00:00,07:00:00,07:00:00,11:00:00,11:00:00,11:00:00,07:00:00,07:00:00,07:00:00,
Peak Volume,1181,1843,1955,1892,1827,1836,1531,1155,1870,1915,1748,1931,1721,1230,1225,1895,1914,1805,1856,1856,1437,1074,1754,1876,1844,1873,1872,1566,1354,1079,1889,1775,1365,
pm Peak,15:00:00,15:00:00,15:00:00,15:00:00,15:00:00,14:00:00,13:00:00,13:00:00,15:00:00,16:00:00,16:00:00,15:00:00,13:00:00,13:00:00,13:00:00,15:00:00,16:00:00,15:00:00,14:00:00,16:00:00,13:00:00,14:00:00,15:00:00,15:00:00,15:00:00,14:00:00,15:00:00,13:00:00,14:00:00,13:00:00,15:00:00,15:00:00,15:00:00,
Peak Volume,1528,1903,1940,1982,2002,2065,1878,1773,1899,1900,1924,2003,2004,1798,1783,1862,1944,1890,1719,1520,1692,1674,1921,1868,1982,1936,1890,1713,1782,1524,1951,1830,1728,
,,,,,,,,,,,,,,,,,,,,,,,,,,,,,,,,,,
Northbound 3,,,,,,,,,,,,,,,,,,,,,,,,,,,,,,,,,,
,Sun,Mon,Tue,Wed,Thu,Fri,Sat,Sun,Mon,Tue,Wed,Thu,Fri,Sat,Sun,Mon,Tue,Wed,Thu,Fri,Sat,Sun,Mon,Tue,Wed,Thu,Fri,Sat,Sun,Mon,Tue,Average,,Total
,01/10/2023,02/10/2023,03/10/2023,04/10/2023,05/10/2023,06/10/2023,07/10/2023,08/10/2023,09/10/2023,10/10/2023,11/10/2023,12/10/2023,13/10/2023,14/10/2023,15/10/2023,16/10/2023,17/10/2023,18/10/2023,19/10/2023,20/10/2023,21/10/2023,22/10/2023,23/10/2023,24/10/2023,25/10/2023,26/10/2023,27/10/2023,28/10/2023,29/10/2023,30/10/2023,31/10/2023,Workday,7 Day,Count
00:00:00,260,159,177,167,191,223,274,231,207,196,170,183,212,276,216,192,177,137,202,225,231,250,175,193,186,195,236,306,245,207,142,189,207,6441
01:00:00,227,87,86,74,93,109,160,184,103,90,91,90,101,171,165,94,91,84,102,136,145,169,87,88,111,93,109,142,273,147,87,98,122,3789
02:00:00,155,102,80,90,83,122,113,109,103,92,87,87,108,149,117,96,69,81,91,118,145,131,78,85,79,105,125,123,116,124,84,95,105,3247
03:00:00,202,224,177,204,225,269,270,181,219,190,194,192,262,280,199,211,189,192,209,268,237,171,214,165,203,239,288,303,260,253,272,221,225,6962
04:00:00,346,465,457,467,499,528,415,356,456,436,417,460,510,481,344,455,387,403,427,477,378,321,454,391,452,437,548,455,346,418,420,453,433,13406
05:00:00,349,630,606,626,639,663,506,358,640,652,605,633,656,515,313,669,644,584,633,619,510,340,598,617,636,644,680,519,325,417,576,621,562,17402
06:00:00,426,1097,1155,1105,1141,1082,651,400,1090,1103,1134,1156,1123,628,408,1129,1164,1094,1119,1086,572,416,1098,1150,1097,1152,1123,584,441,502,1119,1092,924,28545
07:00:00,581,1521,1571,1547,1445,1499,885,588,1491,1522,1385,1513,1389,858,508,1472,1501,1460,1427,1455,803,578,1365,1493,1480,1460,1500,791,652,614,1489,1436,1224,37843
08:00:00,702,1466,1485,1459,1399,1394,1071,718,1455,1478,1346,1481,1343,1115,671,1453,1469,1455,1331,1455,1022,650,1418,1380,1384,1425,1439,1059,831,697,1429,1393,1244,38480
09:00:00,1086,1423,1429,1463,1094,1468,1275,1102,1449,1414,1317,1476,1403,1304,1021,1400,1438,1396,1286,1354,1276,984,1367,1376,1424,1402,1391,1233,1032,958,1453,1372,1307,40494
10:00:00,1302,1440,1405,1444,1303,1453,1378,1277,1413,1402,1238,1380,1428,1417,1204,1376,1397,1331,1289,1336,1329,1200,1374,1290,1427,1342,1411,1425,1307,1254,1462,1372,1356,42034
11:00:00,1385,1366,1419,1404,1302,1477,1503,1403,1410,1407,1282,1421,1493,1337,1400,1371,1359,1341,1376,1220,1435,1356,1340,1378,1401,1419,1489,1562,1333,1325,1442,1384,1392,43156
12:00:00,1574,1395,1378,1402,1362,1556,1547,1542,1408,1396,1340,1470,1483,1441,1535,1336,1403,1370,1416,1165,1522,1504,1380,1377,1419,1454,1507,1330,1449,1404,1476,1404,1430,44341
13:00:00,1508,1418,1436,1402,1435,1579,1551,1688,1493,1417,1327,1491,1580,1501,1664,1391,1420,1385,1457,1209,1583,1606,1397,1386,1487,1479,1461,1459,1409,1444,1533,1438,1470,45596
14:00:00,1388,1443,1403,1430,1480,1556,1502,1613,1383,1411,1358,1528,1526,1427,1623,1459,1435,1441,1483,1097,1525,1570,1427,1375,1467,1535,1544,1426,1483,1405,1483,1440,1459,45226
15:00:00,1483,1516,1516,1550,1503,1517,1404,1484,1526,1530,1467,1548,1462,1422,1539,1485,1521,1527,959,1241,1422,1476,1475,1384,1577,1430,1500,1344,1414,1318,1529,1458,1454,45069
16:00:00,1410,1511,1471,1481,1502,1476,1381,1449,1483,1537,1531,1506,1420,1377,1447,1433,1525,1407,1287,1268,1336,1325,1394,1462,1498,1470,1409,1301,1279,1312,1449,1447,1424,44137
17:00:00,1381,1372,1465,1395,1481,1349,1323,1364,1460,1445,1276,1415,1442,1249,1366,1348,1367,1269,1364,1231,1298,1300,1418,1450,1433,1439,1425,1242,1214,1157,1367,1380,1359,42105
18:00:00,1335,1314,1330,1400,1374,1175,1161,1328,1242,1339,1396,1393,1341,1234,1317,1323,1282,1213,1259,1156,1216,1239,1267,1327,1360,1341,1252,1159,1096,1112,1195,1290,1274,39476
19:00:00,1176,1018,1035,1069,1076,1120,927,1178,975,1019,1079,1159,1152,907,1139,965,1047,1054,1267,996,966,1112,933,1053,1160,1218,1139,897,867,937,873,1061,1049,32513
20:00:00,972,688,714,782,822,788,567,983,735,781,739,827,816,552,877,713,693,714,824,797,678,916,692,770,796,809,911,660,668,726,648,763,763,23658
21:00:00,673,500,561,611,633,601,456,674,569,520,618,630,615,399,646,562,490,564,628,571,536,640,536,573,624,688,689,457,551,544,447,581,574,17806
22:00:00,455,379,422,449,476,502,478,407,395,433,450,480,555,448,442,401,445,390,425,502,483,487,375,436,420,553,571,387,430,350,385,445,446,13811
23:00:00,243,264,279,255,314,338,351,329,274,245,316,319,382,355,259,243,249,263,305,350,370,291,280,283,281,335,430,343,311,250,272,297,302,9379
,,,,,,,,,,,,,,,,,,,,,,,,,,,,,,,,,,
Jul-19,15135,17185,17308,17377,16680,17499,15981,15556,17213,17298,16263,17622,17310,15682,15295,16847,17117,16595,15934,15187,15767,14788,16622,16678,17357,17196,17328,15331,14499,14000,17307,16815,16393,507957
Jun-22,18382,20488,20773,20944,20352,21090,18582,18791,20582,20721,19833,21394,21016,18168,18365,20216,20511,20021,19772,18637,18519,17872,19881,20224,21034,21063,21190,17929,17026,16709,20394,20311,19703,610479
Jun-24,19080,21131,21474,21648,21142,21930,19411,19527,21251,21399,20599,22193,21953,18971,19066,20860,21205,20674,20502,19489,19372,18650,20536,20943,21735,21951,22191,18659,17767,17309,21051,21053,20451,633669
00-24,20619,22798,23057,23276,22872,23844,21149,20946,22979,23055,22163,23838,23802,20843,20420,22577,22762,22155,22166,21332,21018,20032,22142,22482,23402,23664,24177,20507,19332,18875,22632,22730,22104,684916
,,,,,,,,,,,,,,,,,,,,,,,,,,,,,,,,,,
am Peak,11:00:00,07:00:00,07:00:00,07:00:00,07:00:00,07:00:00,11:00:00,11:00:00,07:00:00,07:00:00,07:00:00,07:00:00,11:00:00,10:00:00,11:00:00,07:00:00,07:00:00,07:00:00,07:00:00,07:00:00,11:00:00,11:00:00,08:00:00,07:00:00,07:00:00,07:00:00,07:00:00,11:00:00,11:00:00,11:00:00,07:00:00,07:00:00,11:00:00,
Peak Volume,1385,1521,1571,1547,1445,1499,1503,1403,1491,1522,1385,1513,1493,1417,1400,1472,1501,1460,1427,1455,1435,1356,1418,1493,1480,1460,1500,1562,1333,1325,1489,1436,1392,
pm Peak,12:00:00,15:00:00,15:00:00,15:00:00,15:00:00,13:00:00,13:00:00,13:00:00,15:00:00,16:00:00,16:00:00,15:00:00,13:00:00,13:00:00,13:00:00,15:00:00,16:00:00,15:00:00,14:00:00,16:00:00,13:00:00,13:00:00,15:00:00,16:00:00,15:00:00,14:00:00,14:00:00,13:00:00,14:00:00,13:00:00,13:00:00,15:00:00,13:00:00,
Peak Volume,1574,1516,1516,1550,1503,1579,1551,1688,1526,1537,1531,1548,1580,1501,1664,1485,1525,1527,1483,1268,1583,1606,1475,1462,1577,1535,1544,1459,1483,1444,1533,1458,1470,
,,,,,,,,,,,,,,,,,,,,,,,,,,,,,,,,,,
Northbound 2,,,,,,,,,,,,,,,,,,,,,,,,,,,,,,,,,,
,Sun,Mon,Tue,Wed,Thu,Fri,Sat,Sun,Mon,Tue,Wed,Thu,Fri,Sat,Sun,Mon,Tue,Wed,Thu,Fri,Sat,Sun,Mon,Tue,Wed,Thu,Fri,Sat,Sun,Mon,Tue,Average,,Total
,01/10/2023,02/10/2023,03/10/2023,04/10/2023,05/10/2023,06/10/2023,07/10/2023,08/10/2023,09/10/2023,10/10/2023,11/10/2023,12/10/2023,13/10/2023,14/10/2023,15/10/2023,16/10/2023,17/10/2023,18/10/2023,19/10/2023,20/10/2023,21/10/2023,22/10/2023,23/10/2023,24/10/2023,25/10/2023,26/10/2023,27/10/2023,28/10/2023,29/10/2023,30/10/2023,31/10/2023,Workday,7 Day,Count
00:00:00,267,204,221,220,231,241,250,279,198,202,205,222,204,272,244,196,203,208,232,274,241,285,183,213,217,238,264,295,236,241,170,218,231,7156
01:00:00,214,134,139,153,134,163,218,200,141,127,154,150,144,196,200,139,148,149,141,158,214,215,133,127,159,148,178,192,308,190,135,147,167,5201
02:00:00,169,133,145,162,132,156,180,155,136,141,143,166,158,206,148,143,135,158,169,156,206,152,157,123,135,164,165,188,146,193,156,151,157,4876
03:00:00,233,238,248,227,219,268,283,216,238,211,228,240,270,300,193,239,217,238,233,257,275,190,250,236,235,269,329,290,236,282,301,249,248,7689
04:00:00,328,361,347,354,381,420,366,335,377,376,337,388,412,349,335,399,354,352,370,414,311,307,383,384,359,424,431,384,321,370,400,382,369,11429
05:00:00,297,440,492,481,478,531,403,282,460,439,478,467,507,395,299,478,455,483,478,517,394,298,466,478,489,507,514,399,291,362,494,477,438,13552
06:00:00,360,850,823,800,799,820,481,346,797,813,836,826,827,433,353,825,823,812,861,799,457,359,793,838,861,859,867,474,349,408,783,805,690,21332
07:00:00,432,1163,1212,1155,1086,1173,611,468,1201,1187,1156,1135,1136,660,435,1174,1153,1162,1173,1138,638,426,1069,1181,1145,1164,1149,626,491,481,1150,1125,955,29530
08:00:00,516,1196,1184,1214,1174,1080,760,548,1188,1206,1146,1221,1187,815,581,1172,1194,1145,1107,1153,780,531,1175,1096,1128,1199,1173,789,620,594,1182,1142,1004,31054
09:00:00,768,1222,1221,1256,931,1154,987,870,1232,1177,1105,1263,1147,1020,839,1168,1162,1133,1097,1097,966,777,1119,1214,1201,1184,1147,1007,841,783,1180,1145,1074,33268
10:00:00,932,1125,1180,1178,1114,1179,1128,1024,1132,1155,1079,1239,1115,1206,967,1082,1149,1171,1115,1159,1020,1005,1097,1095,1212,1180,1156,1142,1040,1002,1224,1143,1117,34602
11:00:00,1106,1180,1103,1127,1047,1219,1227,1069,1154,1107,1078,1119,1205,1078,1188,1108,1122,1101,1137,1124,1126,1122,1118,1176,1166,1179,1218,1217,1141,1046,1208,1138,1139,35316
12:00:00,1192,1143,1142,1128,1173,1262,1271,1256,1098,1153,1111,1179,1294,1209,1217,1106,1163,1183,1186,1129,1222,1251,1127,1156,1167,1186,1290,1120,1251,1166,1188,1170,1184,36719
13:00:00,1175,1109,1160,1182,1160,1335,1242,1277,1169,1155,1122,1201,1345,1250,1307,1144,1150,1159,1196,1079,1245,1300,1184,1151,1189,1220,1153,1240,1180,1217,1277,1184,1202,37273
14:00:00,1109,1108,1153,1171,1171,1285,1217,1267,1111,1116,1143,1235,1264,1206,1223,1149,1171,1164,1207,1056,1187,1210,1127,1116,1233,1240,1213,1234,1225,1105,1256,1172,1183,36672
15:00:00,1170,1281,1233,1285,1240,1268,1089,1220,1288,1234,1241,1248,1242,1138,1194,1241,1283,1261,643,1109,1076,1095,1240,1208,1250,1187,1247,1052,1135,1065,1244,1206,1184,36707
16:00:00,1091,1307,1345,1267,1304,1244,1059,1132,1298,1291,1321,1258,1258,1103,1148,1329,1284,1180,1044,1157,1080,1100,1225,1245,1247,1232,1210,1017,992,1077,1244,1244,1197,37089
17:00:00,1102,1224,1309,1261,1272,1186,1019,1088,1293,1240,1127,1203,1179,1018,1077,1204,1215,1118,1186,1093,1001,1059,1266,1326,1230,1175,1192,989,960,1072,1189,1207,1158,35873
18:00:00,1048,1060,1085,1202,1133,1123,920,1036,1008,1133,1169,1237,1131,922,1050,1122,1066,1139,1098,1063,974,981,1051,1163,1206,1156,982,940,899,967,1009,1105,1067,33073
19:00:00,856,740,843,818,879,897,776,880,778,820,879,929,927,727,845,767,879,922,1143,916,732,876,765,837,984,1000,872,760,698,766,689,866,845,26200
20:00:00,715,576,578,582,603,634,521,804,573,611,602,657,670,500,692,545,542,655,669,663,561,705,554,615,598,663,745,504,550,576,546,612,613,19009
21:00:00,549,440,480,467,520,503,361,554,457,502,495,548,535,356,492,435,455,496,539,482,422,502,432,443,533,559,526,409,485,443,420,487,479,14840
22:00:00,366,386,384,389,433,447,395,352,350,412,408,399,450,386,437,347,360,398,422,402,403,393,360,446,376,446,486,356,373,347,378,401,396,12287
23:00:00,281,297,285,271,316,358,362,262,287,276,307,316,370,313,273,260,253,298,302,360,361,269,296,291,289,340,369,325,302,262,293,304,305,9444
,,,,,,,,,,,,,,,,,,,,,,,,,,,,,,,,,,
Jul-19,11641,14118,14327,14426,13805,14508,12530,12255,14172,14154,13798,14538,14503,12625,12226,13999,14112,13916,13189,13357,12315,11857,13798,14127,14374,14302,14130,12373,11775,11575,14351,13981,13466,417176
Jun-22,14121,16724,17051,17093,16606,17362,14669,14839,16777,16900,16610,17498,17462,14641,14608,16571,16811,16801,16401,16217,14487,14299,16342,16860,17350,17383,17140,14520,13857,13768,16789,16751,16093,498557
Jun-24,14768,17407,17720,17753,17355,18167,15426,15453,17414,17588,17325,18213,18282,15340,15318,17178,17424,17497,17125,16979,15251,14961,16998,17597,18015,18169,17995,15201,14532,14377,17460,17456,16794,520288
00-24,16276,18917,19312,19350,18930,19946,17126,16920,18964,19084,18870,19846,19977,17058,16737,18772,18936,19085,18748,18755,16892,16408,18570,19158,19609,19919,19876,16949,16070,16015,19116,19080,18404,570191
,,,,,,,,,,,,,,,,,,,,,,,,,,,,,,,,,,
am Peak,11:00:00,09:00:00,09:00:00,09:00:00,08:00:00,11:00:00,11:00:00,11:00:00,09:00:00,08:00:00,07:00:00,09:00:00,11:00:00,10:00:00,11:00:00,07:00:00,08:00:00,10:00:00,07:00:00,10:00:00,11:00:00,11:00:00,08:00:00,09:00:00,10:00:00,08:00:00,11:00:00,11:00:00,11:00:00,11:00:00,10:00:00,09:00:00,11:00:00,
Peak Volume,1106,1222,1221,1256,1174,1219,1227,1069,1232,1206,1156,1263,1205,1206,1188,1174,1194,1171,1173,1159,1126,1122,1175,1214,1212,1199,1218,1217,1141,1046,1224,1145,1139,
pm Peak,12:00:00,16:00:00,16:00:00,15:00:00,16:00:00,13:00:00,12:00:00,13:00:00,16:00:00,16:00:00,16:00:00,16:00:00,13:00:00,13:00:00,13:00:00,16:00:00,16:00:00,15:00:00,14:00:00,16:00:00,13:00:00,13:00:00,17:00:00,17:00:00,15:00:00,14:00:00,12:00:00,13:00:00,12:00:00,13:00:00,13:00:00,16:00:00,13:00:00,
Peak Volume,1192,1307,1345,1285,1304,1335,1271,1277,1298,1291,1321,1258,1345,1250,1307,1329,1284,1261,1207,1157,1245,1300,1266,1326,1250,1240,1290,1240,1251,1217,1277,1244,1202,
,,,,,,,,,,,,,,,,,,,,,,,,,,,,,,,,,,
Northbound 1,,,,,,,,,,,,,,,,,,,,,,,,,,,,,,,,,,
,Sun,Mon,Tue,Wed,Thu,Fri,Sat,Sun,Mon,Tue,Wed,Thu,Fri,Sat,Sun,Mon,Tue,Wed,Thu,Fri,Sat,Sun,Mon,Tue,Wed,Thu,Fri,Sat,Sun,Mon,Tue,Average,,Total
,01/10/2023,02/10/2023,03/10/2023,04/10/2023,05/10/2023,06/10/2023,07/10/2023,08/10/2023,09/10/2023,10/10/2023,11/10/2023,12/10/2023,13/10/2023,14/10/2023,15/10/2023,16/10/2023,17/10/2023,18/10/2023,19/10/2023,20/10/2023,21/10/2023,22/10/2023,23/10/2023,24/10/2023,25/10/2023,26/10/2023,27/10/2023,28/10/2023,29/10/2023,30/10/2023,31/10/2023,Workday,7 Day,Count
00:00:00,151,75,69,82,82,85,120,134,74,81,89,77,103,117,119,64,64,77,98,86,126,136,73,84,85,103,105,143,132,102,64,83,97,3000
01:00:00,95,32,39,52,59,58,70,85,45,39,44,47,60,56,77,35,36,44,42,56,83,81,44,40,44,60,61,91,142,70,55,48,59,1842
02:00:00,77,39,40,48,41,45,58,61,30,41,59,46,41,69,65,29,41,40,62,57,62,55,47,44,47,62,54,69,40,50,40,46,50,1559
03:00:00,44,46,42,51,53,55,54,44,62,45,47,53,68,46,51,45,35,57,54,57,67,37,50,52,52,60,55,68,36,64,42,52,51,1592
04:00:00,38,69,68,73,90,92,49,51,74,76,88,80,91,66,38,73,72,79,75,73,54,32,77,73,81,92,86,58,33,54,90,78,69,2145
05:00:00,39,207,192,208,235,197,89,34,217,197,208,206,212,103,42,189,214,205,221,201,101,36,196,201,210,197,203,124,36,91,204,200,162,5015
06:00:00,111,771,760,756,749,716,205,105,753,821,797,728,762,233,128,762,775,797,763,746,239,112,751,800,813,742,692,193,126,167,804,738,573,17677
07:00:00,177,1383,1468,1439,1375,1369,355,255,1342,1400,1323,1402,1383,351,228,1337,1462,1362,1397,1323,442,269,1261,1437,1463,1383,1363,399,218,202,1346,1328,1034,31914
08:00:00,262,1436,1592,1557,1568,1376,542,317,1575,1522,1549,1531,1469,487,326,1525,1548,1509,1492,1394,558,292,1482,1518,1453,1478,1300,486,399,198,1353,1428,1137,35094
09:00:00,492,1208,1282,1364,971,1141,778,569,1165,1360,1360,1383,1132,750,641,1126,1376,1446,1286,1047,824,525,1343,1350,1420,1361,1066,746,720,407,1188,1217,1061,32827
10:00:00,725,993,1119,1152,1228,1090,983,786,1013,1133,1144,1120,1058,917,835,979,1080,1163,1210,1139,894,705,974,1205,1160,1368,1020,940,890,590,1033,1090,1022,31646
11:00:00,842,973,1016,1015,1166,1072,1176,884,979,990,1158,1080,1120,851,1036,947,964,1056,1192,1195,1077,931,966,1091,1084,1083,1115,1156,1038,804,1077,1052,1037,32134
12:00:00,1087,1021,1033,1160,1205,1233,1308,1096,1041,1058,1236,1126,1285,1259,1100,948,1076,1103,1105,1316,1191,1115,1021,1139,1130,1119,1265,1033,1153,1017,1057,1122,1130,35036
13:00:00,994,1061,1158,1202,1198,1400,1393,1185,1067,1112,1262,1171,1309,1434,1251,1053,1164,1250,1201,1280,1229,1207,1086,1135,1179,1212,1213,1302,1227,1100,1267,1185,1203,37302
14:00:00,1112,1124,1163,1253,1252,1435,1237,1068,1128,1168,1278,1228,1354,1450,1148,1098,1164,1221,1244,1309,1208,1215,1108,1204,1270,1278,1250,1315,1337,1067,1244,1220,1223,37930
15:00:00,1175,1358,1352,1466,1372,1454,1070,1036,1291,1362,1401,1425,1386,1119,1071,1299,1396,1405,658,1350,1056,1020,1332,1380,1475,1203,1347,1123,1041,1060,1430,1327,1256,38913
16:00:00,997,1508,1618,1567,1439,1458,1069,987,1501,1533,1551,1499,1453,1109,1051,1525,1562,1409,1171,1348,1043,1021,1495,1578,1467,1457,1427,1008,951,1130,1465,1462,1337,41397
17:00:00,1028,1537,1738,1547,1651,1338,952,948,1690,1714,1416,1610,1465,1058,1053,1506,1577,1472,1492,1338,987,1070,1547,1492,1634,1609,1467,1005,882,1032,1607,1522,1372,42462
18:00:00,988,1297,1403,1578,1493,1237,927,947,1131,1495,1540,1489,1281,918,965,1426,1476,1437,1437,1278,898,1006,1322,1556,1533,1449,1058,913,774,839,1307,1366,1241,38398
19:00:00,774,734,944,914,910,887,761,728,802,899,962,1059,938,680,714,769,1025,1173,1437,980,720,761,769,969,1147,1212,930,723,557,682,713,948,881,27273
20:00:00,535,468,544,548,581,549,394,627,478,554,548,573,545,348,476,417,528,583,660,553,456,535,468,588,572,620,652,449,448,447,481,544,524,16225
21:00:00,376,306,318,378,357,366,218,387,313,386,407,376,371,232,309,307,351,415,437,354,290,360,304,398,450,400,438,284,280,302,341,367,349,10811
22:00:00,231,190,225,244,255,269,274,174,204,238,276,329,313,266,213,196,261,241,284,285,258,270,214,266,269,275,353,229,195,215,245,257,250,7757
23:00:00,108,110,137,139,129,184,226,154,97,131,151,167,187,187,116,143,129,130,141,175,193,130,115,142,176,175,212,200,147,151,121,147,152,4703
,,,,,,,,,,,,,,,,,,,,,,,,,,,,,,,,,,
Jul-19,9879,14899,15942,16300,15918,15603,11790,10078,14923,15847,16218,16064,15695,11703,10705,14769,15845,15833,14885,15317,11407,10376,14937,16085,16268,16000,14891,11426,10630,9446,15374,15321,14054,435053
Jun-22,11675,17178,18508,18896,18515,18121,13368,11925,17269,18507,18932,18800,18311,13196,12332,17024,18524,18801,18182,17950,13112,12144,17229,18840,19250,18974,17603,13075,12041,11044,17713,17917,16381,507039
Jun-24,12014,17478,18870,19279,18899,18574,13868,12253,17570,18876,19359,19296,18811,13649,12661,17363,18914,19172,18607,18410,13563,12544,17558,19248,19695,19424,18168,13504,12383,11410,18079,18321,16783,519499
00-24,12458,17946,19320,19793,19459,19106,14308,12662,18072,19355,19894,19805,19386,14106,13053,17798,19376,19674,19159,18940,14056,12921,18045,19742,20214,19998,18732,14057,12802,11841,18574,18829,17272,534652
,,,,,,,,,,,,,,,,,,,,,,,,,,,,,,,,,,
am Peak,11:00:00,08:00:00,08:00:00,08:00:00,08:00:00,08:00:00,11:00:00,11:00:00,08:00:00,08:00:00,08:00:00,08:00:00,08:00:00,10:00:00,11:00:00,08:00:00,08:00:00,08:00:00,08:00:00,08:00:00,11:00:00,11:00:00,08:00:00,08:00:00,07:00:00,08:00:00,07:00:00,11:00:00,11:00:00,11:00:00,08:00:00,08:00:00,08:00:00,
Peak Volume,842,1436,1592,1557,1568,1376,1176,884,1575,1522,1549,1531,1469,917,1036,1525,1548,1509,1492,1394,1077,931,1482,1518,1463,1478,1363,1156,1038,804,1353,1428,1137,
pm Peak,15:00:00,17:00:00,17:00:00,18:00:00,17:00:00,16:00:00,13:00:00,13:00:00,17:00:00,17:00:00,16:00:00,17:00:00,17:00:00,14:00:00,13:00:00,16:00:00,17:00:00,17:00:00,17:00:00,15:00:00,13:00:00,14:00:00,17:00:00,16:00:00,17:00:00,17:00:00,17:00:00,14:00:00,14:00:00,16:00:00,17:00:00,17:00:00,17:00:00,
Peak Volume,1175,1537,1738,1578,1651,1458,1393,1185,1690,1714,1551,1610,1465,1450,1251,1525,1577,1472,1492,1350,1229,1215,1547,1578,1634,1609,1467,1315,1337,1130,1607,1522,1372,
,,,,,,,,,,,,,,,,,,,,,,,,,,,,,,,,,,
Event key:,,QC Failure,,QC Outlier,,QC Atypical,,Events,,Special,,Holiday,,Offline,,,,,,,,,,,,,,,,,,,,
,,Weekends and defined holidays,,,,,,,,,,,,,,,,,,,,,,,,,,,,,,,,
Notes on data:,,,,,,,,,,,,,,,,,,,,,,,,,,,,,,,,,,
,"Weekly (7-day) averages are calculated as the average of workday values and weekend values, weighted in the proportion 5:2.",,,,,,,,,,,,,,,,,,,,,,,,,,,,,,,,,
,,,,,,,,,,,,,,,,,,,,,,,,,,,,,,,,,,
Holidays & Events:,,,,,,,,,,,,,,,,,,,,,,,,,,,,,,,,,,
,Start,,End,,Type,Lanes,Included,Description,,,,,,,,,,,,,,,,,,,,,,,,,,
,30/10/2023 00:00,,30/10/2023 23:59,,Holiday,-,Yes,Holiday,,,,,,,,,,,,,,,,,,,,,,,,,,
